user_id;response;question
080c468b-27c0-455c-aa63-b8f807f2e3d7;3;q0
0b0379c7-04db-4c85-84bd-a2bd55329e29;8;q0
0e623280-b28b-4d4a-8eea-0732f09ed497;8;q0
045dc0f3-a730-4d03-a615-f51814e5b04f;6;q0
092f2ee7-5281-4a09-9bce-e5523b95b53b;10;q0
19c0851c-cbb1-45b5-9e78-884b761802ac;10;q0
1a386158-d08c-40b1-9365-e758927d3352;7;q0
78e234a7-c15a-49e5-b38c-7fb47b294ca8;7;q0
1331586c-ee72-4fc1-b622-812f54a49f6c;9;q0
35913db6-2e1e-4028-a631-473241be215c;5;q0
31d15d10-ae4f-4527-9aba-c0f93d329cb2;8;q0
1e41998a-cda9-4b44-aa34-8bcde6752d0a;10;q0
7c390c81-d248-4099-9abc-7b787be98b47;10;q0
5f294260-b679-434f-8818-e09ecd02ae70;9;q0
76dad81c-1a4a-4153-9932-f03188b1ae25;10;q0
3cd5d4f2-97f1-418c-bc49-ff0c2a58c855;8;q0
10e9b324-156e-4eb5-aec5-04d8a4d7124c;1;q0
20ba7dbd-f51c-49ff-9bf2-a777cd6d13f8;7;q0
6167cd49-a021-4f3f-b29b-a7ed48b9d94f;8;q0
824afe21-5c5b-4e61-a556-75bef43196e9;7;q0
8330a755-ac13-444b-90ca-7ddc4f4f3992;10;q0
6ee3efea-f12c-4740-937a-62f34a53e2ec;9;q0
3931df86-6c91-45c8-ae55-dd3a1036647f;8;q0
60b7d252-ffba-432f-a243-8b0d5f81331d;8;q0
75b63c62-9473-4ddc-979f-66b8de0a3683;4;q0
518a2693-4f58-463e-ac2c-c5ce06d3c9fb;8;q0
8ebeb6f9-b48c-4067-a307-1da81fde67da;6;q0
7e80110b-c26c-43b1-8bc2-2515642420ad;8;q0
702da1cd-9691-4f0b-9ab9-020f9454d86b;7;q0
25602500-ca31-4404-b155-3e070652c2c0;5;q0
11cbc3a6-1c92-4f10-abe6-27def200d91d;5;q0
803144dd-8bb5-435e-94af-99bace5baf35;8;q0
780a59cc-70e6-4148-94c9-47bd1744cd5c;6;q0
3cd027c4-c9cf-475c-a678-769abe7e816a;9;q0
902d976c-f400-44ab-a0ac-198d94ba035a;9;q0
3d551ae7-9275-41b2-8270-260d730a6222;1;q0
42798e5c-9aa2-4efd-a370-5635018d4d81;9;q0
c65d2c31-227d-4750-af1a-1bfd6902d881;6;q0
4b737514-74b7-433a-9dde-ea224a6deeb9;10;q0
40d5e94f-2468-4f73-a0a0-e5a2c0443f06;8;q0
95897683-0e62-4f31-8575-77136b4ebebe;3;q0
6cd79452-c315-4dbe-93af-8c2077a67a56;8;q0
334df000-99c4-4ccd-b5b5-4b8cabdad476;8;q0
1537bb2d-2d89-4d66-b6c7-f3659b85403f;10;q0
b2a12ed0-6436-4cbc-b70d-d0a7ba0e0981;8;q0
e03a0573-ee71-4c91-a8ca-0b1eb82c1300;3;q0
ba818a91-0bf1-47d4-bc93-e5befe1c26e6;8;q0
d4a66c13-cd50-4171-8849-d52f0898a156;8;q0
ca6bae45-d4f7-4d52-bd43-e4d3542a6f93;5;q0
e5eccf62-17fb-4353-b886-e547a9699dd4;9;q0
f98ab946-62e2-4cb1-97a4-3301ccccba1b;3;q0
cb553655-ef6a-4f28-8271-131cdc9fc2ec;9;q0
ea3518ef-6655-4a33-bf76-337e21de5689;7;q0
f9cc1fc5-b439-4f4b-8257-0e5b2f47eb02;8;q0
ca55018f-21c4-41c2-b38f-b966fc3a8075;10;q0
a663330e-6e40-4813-b6f7-232aba1299eb;8;q0
be2f133c-eed1-4582-b8b8-d02aa1e594ad;8;q0
c9301569-631c-4d4d-aa30-2a65a5873029;7;q0
bac1cde8-4780-4edb-8062-46b1286d3f47;9;q0
ba4eba66-ab7c-4704-84e8-4218f019f196;6;q0
d0d86600-3649-4760-bb23-89f353e7d20b;9;q0
4f914c97-7283-4ed0-94f7-43bcc99e9e28;3;q0
9d832240-0310-4657-90c0-20525d24d766;8;q0
f6ae26b4-f319-4305-a6ca-9cdd8528695d;9;q0
f038ad7e-db1f-430f-8974-12c83a20eb8e;10;q0
f3b05d57-f280-41fc-a32d-d94647bade9a;7;q0
13e305ec-6c39-4b60-9cf1-5ddeae54b677;9;q0
e0ffda50-97e7-4872-a467-cc143cbac8fc;8;q0
cb71d11a-4e8d-4ab8-80be-ac1f46f5b2d1;5;q0
cd3dad39-da3f-4ada-9e09-a9832ca7bdd7;6;q0
f3b94dcb-2dde-48d7-968d-606fcddd692d;1;q0
ddbc5616-edb8-4052-9186-6e105e4491f6;10;q0
a7788435-7465-4f4d-9f4f-d412db68b295;10;q0
080c468b-27c0-455c-aa63-b8f807f2e3d7;9;q1
0b0379c7-04db-4c85-84bd-a2bd55329e29;10;q1
0e623280-b28b-4d4a-8eea-0732f09ed497;10;q1
045dc0f3-a730-4d03-a615-f51814e5b04f;5;q1
092f2ee7-5281-4a09-9bce-e5523b95b53b;9;q1
19c0851c-cbb1-45b5-9e78-884b761802ac;10;q1
1a386158-d08c-40b1-9365-e758927d3352;8;q1
78e234a7-c15a-49e5-b38c-7fb47b294ca8;9;q1
1331586c-ee72-4fc1-b622-812f54a49f6c;8;q1
35913db6-2e1e-4028-a631-473241be215c;7;q1
31d15d10-ae4f-4527-9aba-c0f93d329cb2;9;q1
1e41998a-cda9-4b44-aa34-8bcde6752d0a;10;q1
7c390c81-d248-4099-9abc-7b787be98b47;10;q1
5f294260-b679-434f-8818-e09ecd02ae70;10;q1
76dad81c-1a4a-4153-9932-f03188b1ae25;10;q1
3cd5d4f2-97f1-418c-bc49-ff0c2a58c855;10;q1
10e9b324-156e-4eb5-aec5-04d8a4d7124c;4;q1
20ba7dbd-f51c-49ff-9bf2-a777cd6d13f8;9;q1
6167cd49-a021-4f3f-b29b-a7ed48b9d94f;8;q1
824afe21-5c5b-4e61-a556-75bef43196e9;7;q1
8330a755-ac13-444b-90ca-7ddc4f4f3992;9;q1
6ee3efea-f12c-4740-937a-62f34a53e2ec;10;q1
3931df86-6c91-45c8-ae55-dd3a1036647f;3;q1
60b7d252-ffba-432f-a243-8b0d5f81331d;9;q1
75b63c62-9473-4ddc-979f-66b8de0a3683;8;q1
518a2693-4f58-463e-ac2c-c5ce06d3c9fb;6;q1
8ebeb6f9-b48c-4067-a307-1da81fde67da;10;q1
7e80110b-c26c-43b1-8bc2-2515642420ad;8;q1
702da1cd-9691-4f0b-9ab9-020f9454d86b;9;q1
25602500-ca31-4404-b155-3e070652c2c0;7;q1
11cbc3a6-1c92-4f10-abe6-27def200d91d;10;q1
803144dd-8bb5-435e-94af-99bace5baf35;8;q1
780a59cc-70e6-4148-94c9-47bd1744cd5c;6;q1
3cd027c4-c9cf-475c-a678-769abe7e816a;9;q1
902d976c-f400-44ab-a0ac-198d94ba035a;6;q1
3d551ae7-9275-41b2-8270-260d730a6222;5;q1
42798e5c-9aa2-4efd-a370-5635018d4d81;10;q1
c65d2c31-227d-4750-af1a-1bfd6902d881;7;q1
4b737514-74b7-433a-9dde-ea224a6deeb9;8;q1
40d5e94f-2468-4f73-a0a0-e5a2c0443f06;6;q1
95897683-0e62-4f31-8575-77136b4ebebe;9;q1
6cd79452-c315-4dbe-93af-8c2077a67a56;9;q1
334df000-99c4-4ccd-b5b5-4b8cabdad476;8;q1
1537bb2d-2d89-4d66-b6c7-f3659b85403f;8;q1
b2a12ed0-6436-4cbc-b70d-d0a7ba0e0981;10;q1
e03a0573-ee71-4c91-a8ca-0b1eb82c1300;9;q1
ba818a91-0bf1-47d4-bc93-e5befe1c26e6;8;q1
d4a66c13-cd50-4171-8849-d52f0898a156;7;q1
ca6bae45-d4f7-4d52-bd43-e4d3542a6f93;8;q1
e5eccf62-17fb-4353-b886-e547a9699dd4;8;q1
f98ab946-62e2-4cb1-97a4-3301ccccba1b;1;q1
cb553655-ef6a-4f28-8271-131cdc9fc2ec;9;q1
ea3518ef-6655-4a33-bf76-337e21de5689;10;q1
f9cc1fc5-b439-4f4b-8257-0e5b2f47eb02;8;q1
ca55018f-21c4-41c2-b38f-b966fc3a8075;9;q1
a663330e-6e40-4813-b6f7-232aba1299eb;6;q1
be2f133c-eed1-4582-b8b8-d02aa1e594ad;8;q1
c9301569-631c-4d4d-aa30-2a65a5873029;9;q1
bac1cde8-4780-4edb-8062-46b1286d3f47;10;q1
ba4eba66-ab7c-4704-84e8-4218f019f196;10;q1
d0d86600-3649-4760-bb23-89f353e7d20b;4;q1
4f914c97-7283-4ed0-94f7-43bcc99e9e28;7;q1
9d832240-0310-4657-90c0-20525d24d766;9;q1
f6ae26b4-f319-4305-a6ca-9cdd8528695d;9;q1
f038ad7e-db1f-430f-8974-12c83a20eb8e;10;q1
f3b05d57-f280-41fc-a32d-d94647bade9a;1;q1
13e305ec-6c39-4b60-9cf1-5ddeae54b677;7;q1
e0ffda50-97e7-4872-a467-cc143cbac8fc;10;q1
cb71d11a-4e8d-4ab8-80be-ac1f46f5b2d1;9;q1
cd3dad39-da3f-4ada-9e09-a9832ca7bdd7;8;q1
f3b94dcb-2dde-48d7-968d-606fcddd692d;10;q1
ddbc5616-edb8-4052-9186-6e105e4491f6;10;q1
a7788435-7465-4f4d-9f4f-d412db68b295;1;q1
080c468b-27c0-455c-aa63-b8f807f2e3d7;7;q2
0b0379c7-04db-4c85-84bd-a2bd55329e29;10;q2
0e623280-b28b-4d4a-8eea-0732f09ed497;10;q2
045dc0f3-a730-4d03-a615-f51814e5b04f;8;q2
092f2ee7-5281-4a09-9bce-e5523b95b53b;10;q2
19c0851c-cbb1-45b5-9e78-884b761802ac;9;q2
1a386158-d08c-40b1-9365-e758927d3352;7;q2
78e234a7-c15a-49e5-b38c-7fb47b294ca8;5;q2
1331586c-ee72-4fc1-b622-812f54a49f6c;8;q2
35913db6-2e1e-4028-a631-473241be215c;8;q2
31d15d10-ae4f-4527-9aba-c0f93d329cb2;9;q2
1e41998a-cda9-4b44-aa34-8bcde6752d0a;10;q2
7c390c81-d248-4099-9abc-7b787be98b47;10;q2
5f294260-b679-434f-8818-e09ecd02ae70;8;q2
76dad81c-1a4a-4153-9932-f03188b1ae25;10;q2
3cd5d4f2-97f1-418c-bc49-ff0c2a58c855;10;q2
10e9b324-156e-4eb5-aec5-04d8a4d7124c;4;q2
20ba7dbd-f51c-49ff-9bf2-a777cd6d13f8;7;q2
6167cd49-a021-4f3f-b29b-a7ed48b9d94f;9;q2
824afe21-5c5b-4e61-a556-75bef43196e9;7;q2
8330a755-ac13-444b-90ca-7ddc4f4f3992;9;q2
6ee3efea-f12c-4740-937a-62f34a53e2ec;9;q2
3931df86-6c91-45c8-ae55-dd3a1036647f;6;q2
60b7d252-ffba-432f-a243-8b0d5f81331d;9;q2
75b63c62-9473-4ddc-979f-66b8de0a3683;7;q2
518a2693-4f58-463e-ac2c-c5ce06d3c9fb;6;q2
8ebeb6f9-b48c-4067-a307-1da81fde67da;9;q2
7e80110b-c26c-43b1-8bc2-2515642420ad;8;q2
702da1cd-9691-4f0b-9ab9-020f9454d86b;8;q2
25602500-ca31-4404-b155-3e070652c2c0;4;q2
11cbc3a6-1c92-4f10-abe6-27def200d91d;10;q2
803144dd-8bb5-435e-94af-99bace5baf35;7;q2
780a59cc-70e6-4148-94c9-47bd1744cd5c;8;q2
3cd027c4-c9cf-475c-a678-769abe7e816a;10;q2
902d976c-f400-44ab-a0ac-198d94ba035a;8;q2
3d551ae7-9275-41b2-8270-260d730a6222;5;q2
42798e5c-9aa2-4efd-a370-5635018d4d81;7;q2
c65d2c31-227d-4750-af1a-1bfd6902d881;8;q2
4b737514-74b7-433a-9dde-ea224a6deeb9;7;q2
40d5e94f-2468-4f73-a0a0-e5a2c0443f06;9;q2
95897683-0e62-4f31-8575-77136b4ebebe;9;q2
6cd79452-c315-4dbe-93af-8c2077a67a56;9;q2
334df000-99c4-4ccd-b5b5-4b8cabdad476;6;q2
1537bb2d-2d89-4d66-b6c7-f3659b85403f;9;q2
b2a12ed0-6436-4cbc-b70d-d0a7ba0e0981;10;q2
e03a0573-ee71-4c91-a8ca-0b1eb82c1300;8;q2
ba818a91-0bf1-47d4-bc93-e5befe1c26e6;9;q2
d4a66c13-cd50-4171-8849-d52f0898a156;7;q2
ca6bae45-d4f7-4d52-bd43-e4d3542a6f93;8;q2
e5eccf62-17fb-4353-b886-e547a9699dd4;8;q2
f98ab946-62e2-4cb1-97a4-3301ccccba1b;3;q2
cb553655-ef6a-4f28-8271-131cdc9fc2ec;10;q2
ea3518ef-6655-4a33-bf76-337e21de5689;9;q2
f9cc1fc5-b439-4f4b-8257-0e5b2f47eb02;9;q2
ca55018f-21c4-41c2-b38f-b966fc3a8075;8;q2
a663330e-6e40-4813-b6f7-232aba1299eb;8;q2
be2f133c-eed1-4582-b8b8-d02aa1e594ad;8;q2
c9301569-631c-4d4d-aa30-2a65a5873029;8;q2
bac1cde8-4780-4edb-8062-46b1286d3f47;10;q2
ba4eba66-ab7c-4704-84e8-4218f019f196;10;q2
d0d86600-3649-4760-bb23-89f353e7d20b;2;q2
4f914c97-7283-4ed0-94f7-43bcc99e9e28;6;q2
9d832240-0310-4657-90c0-20525d24d766;8;q2
f6ae26b4-f319-4305-a6ca-9cdd8528695d;9;q2
f038ad7e-db1f-430f-8974-12c83a20eb8e;9;q2
f3b05d57-f280-41fc-a32d-d94647bade9a;5;q2
13e305ec-6c39-4b60-9cf1-5ddeae54b677;8;q2
e0ffda50-97e7-4872-a467-cc143cbac8fc;6;q2
cb71d11a-4e8d-4ab8-80be-ac1f46f5b2d1;9;q2
cd3dad39-da3f-4ada-9e09-a9832ca7bdd7;9;q2
f3b94dcb-2dde-48d7-968d-606fcddd692d;6;q2
ddbc5616-edb8-4052-9186-6e105e4491f6;10;q2
a7788435-7465-4f4d-9f4f-d412db68b295;1;q2
080c468b-27c0-455c-aa63-b8f807f2e3d7;6;q3
0b0379c7-04db-4c85-84bd-a2bd55329e29;10;q3
0e623280-b28b-4d4a-8eea-0732f09ed497;10;q3
045dc0f3-a730-4d03-a615-f51814e5b04f;5;q3
092f2ee7-5281-4a09-9bce-e5523b95b53b;9;q3
19c0851c-cbb1-45b5-9e78-884b761802ac;9;q3
1a386158-d08c-40b1-9365-e758927d3352;7;q3
78e234a7-c15a-49e5-b38c-7fb47b294ca8;10;q3
1331586c-ee72-4fc1-b622-812f54a49f6c;10;q3
35913db6-2e1e-4028-a631-473241be215c;4;q3
31d15d10-ae4f-4527-9aba-c0f93d329cb2;10;q3
1e41998a-cda9-4b44-aa34-8bcde6752d0a;10;q3
7c390c81-d248-4099-9abc-7b787be98b47;9;q3
5f294260-b679-434f-8818-e09ecd02ae70;10;q3
76dad81c-1a4a-4153-9932-f03188b1ae25;5;q3
3cd5d4f2-97f1-418c-bc49-ff0c2a58c855;10;q3
10e9b324-156e-4eb5-aec5-04d8a4d7124c;4;q3
20ba7dbd-f51c-49ff-9bf2-a777cd6d13f8;7;q3
6167cd49-a021-4f3f-b29b-a7ed48b9d94f;9;q3
824afe21-5c5b-4e61-a556-75bef43196e9;8;q3
8330a755-ac13-444b-90ca-7ddc4f4f3992;10;q3
6ee3efea-f12c-4740-937a-62f34a53e2ec;8;q3
3931df86-6c91-45c8-ae55-dd3a1036647f;7;q3
60b7d252-ffba-432f-a243-8b0d5f81331d;9;q3
75b63c62-9473-4ddc-979f-66b8de0a3683;9;q3
518a2693-4f58-463e-ac2c-c5ce06d3c9fb;7;q3
8ebeb6f9-b48c-4067-a307-1da81fde67da;10;q3
7e80110b-c26c-43b1-8bc2-2515642420ad;8;q3
702da1cd-9691-4f0b-9ab9-020f9454d86b;8;q3
25602500-ca31-4404-b155-3e070652c2c0;7;q3
11cbc3a6-1c92-4f10-abe6-27def200d91d;10;q3
803144dd-8bb5-435e-94af-99bace5baf35;9;q3
780a59cc-70e6-4148-94c9-47bd1744cd5c;8;q3
3cd027c4-c9cf-475c-a678-769abe7e816a;9;q3
902d976c-f400-44ab-a0ac-198d94ba035a;6;q3
3d551ae7-9275-41b2-8270-260d730a6222;4;q3
42798e5c-9aa2-4efd-a370-5635018d4d81;6;q3
c65d2c31-227d-4750-af1a-1bfd6902d881;10;q3
4b737514-74b7-433a-9dde-ea224a6deeb9;2;q3
40d5e94f-2468-4f73-a0a0-e5a2c0443f06;6;q3
95897683-0e62-4f31-8575-77136b4ebebe;9;q3
6cd79452-c315-4dbe-93af-8c2077a67a56;5;q3
334df000-99c4-4ccd-b5b5-4b8cabdad476;5;q3
1537bb2d-2d89-4d66-b6c7-f3659b85403f;9;q3
b2a12ed0-6436-4cbc-b70d-d0a7ba0e0981;10;q3
e03a0573-ee71-4c91-a8ca-0b1eb82c1300;9;q3
ba818a91-0bf1-47d4-bc93-e5befe1c26e6;9;q3
d4a66c13-cd50-4171-8849-d52f0898a156;8;q3
ca6bae45-d4f7-4d52-bd43-e4d3542a6f93;9;q3
e5eccf62-17fb-4353-b886-e547a9699dd4;9;q3
f98ab946-62e2-4cb1-97a4-3301ccccba1b;2;q3
cb553655-ef6a-4f28-8271-131cdc9fc2ec;7;q3
ea3518ef-6655-4a33-bf76-337e21de5689;9;q3
f9cc1fc5-b439-4f4b-8257-0e5b2f47eb02;8;q3
ca55018f-21c4-41c2-b38f-b966fc3a8075;9;q3
a663330e-6e40-4813-b6f7-232aba1299eb;9;q3
be2f133c-eed1-4582-b8b8-d02aa1e594ad;6;q3
c9301569-631c-4d4d-aa30-2a65a5873029;8;q3
bac1cde8-4780-4edb-8062-46b1286d3f47;8;q3
ba4eba66-ab7c-4704-84e8-4218f019f196;10;q3
d0d86600-3649-4760-bb23-89f353e7d20b;5;q3
4f914c97-7283-4ed0-94f7-43bcc99e9e28;3;q3
9d832240-0310-4657-90c0-20525d24d766;6;q3
f6ae26b4-f319-4305-a6ca-9cdd8528695d;9;q3
f038ad7e-db1f-430f-8974-12c83a20eb8e;9;q3
f3b05d57-f280-41fc-a32d-d94647bade9a;8;q3
13e305ec-6c39-4b60-9cf1-5ddeae54b677;8;q3
e0ffda50-97e7-4872-a467-cc143cbac8fc;10;q3
cb71d11a-4e8d-4ab8-80be-ac1f46f5b2d1;9;q3
cd3dad39-da3f-4ada-9e09-a9832ca7bdd7;10;q3
f3b94dcb-2dde-48d7-968d-606fcddd692d;10;q3
ddbc5616-edb8-4052-9186-6e105e4491f6;10;q3
a7788435-7465-4f4d-9f4f-d412db68b295;1;q3
080c468b-27c0-455c-aa63-b8f807f2e3d7;6;q4
0b0379c7-04db-4c85-84bd-a2bd55329e29;9;q4
0e623280-b28b-4d4a-8eea-0732f09ed497;10;q4
045dc0f3-a730-4d03-a615-f51814e5b04f;5;q4
092f2ee7-5281-4a09-9bce-e5523b95b53b;10;q4
19c0851c-cbb1-45b5-9e78-884b761802ac;9;q4
1a386158-d08c-40b1-9365-e758927d3352;6;q4
78e234a7-c15a-49e5-b38c-7fb47b294ca8;6;q4
1331586c-ee72-4fc1-b622-812f54a49f6c;9;q4
35913db6-2e1e-4028-a631-473241be215c;7;q4
31d15d10-ae4f-4527-9aba-c0f93d329cb2;8;q4
1e41998a-cda9-4b44-aa34-8bcde6752d0a;10;q4
7c390c81-d248-4099-9abc-7b787be98b47;8;q4
5f294260-b679-434f-8818-e09ecd02ae70;6;q4
76dad81c-1a4a-4153-9932-f03188b1ae25;8;q4
3cd5d4f2-97f1-418c-bc49-ff0c2a58c855;10;q4
10e9b324-156e-4eb5-aec5-04d8a4d7124c;4;q4
20ba7dbd-f51c-49ff-9bf2-a777cd6d13f8;7;q4
6167cd49-a021-4f3f-b29b-a7ed48b9d94f;9;q4
824afe21-5c5b-4e61-a556-75bef43196e9;8;q4
8330a755-ac13-444b-90ca-7ddc4f4f3992;9;q4
6ee3efea-f12c-4740-937a-62f34a53e2ec;7;q4
3931df86-6c91-45c8-ae55-dd3a1036647f;9;q4
60b7d252-ffba-432f-a243-8b0d5f81331d;9;q4
75b63c62-9473-4ddc-979f-66b8de0a3683;5;q4
518a2693-4f58-463e-ac2c-c5ce06d3c9fb;6;q4
8ebeb6f9-b48c-4067-a307-1da81fde67da;8;q4
7e80110b-c26c-43b1-8bc2-2515642420ad;8;q4
702da1cd-9691-4f0b-9ab9-020f9454d86b;8;q4
25602500-ca31-4404-b155-3e070652c2c0;6;q4
11cbc3a6-1c92-4f10-abe6-27def200d91d;10;q4
803144dd-8bb5-435e-94af-99bace5baf35;4;q4
780a59cc-70e6-4148-94c9-47bd1744cd5c;4;q4
3cd027c4-c9cf-475c-a678-769abe7e816a;9;q4
902d976c-f400-44ab-a0ac-198d94ba035a;7;q4
3d551ae7-9275-41b2-8270-260d730a6222;7;q4
42798e5c-9aa2-4efd-a370-5635018d4d81;8;q4
c65d2c31-227d-4750-af1a-1bfd6902d881;6;q4
4b737514-74b7-433a-9dde-ea224a6deeb9;3;q4
40d5e94f-2468-4f73-a0a0-e5a2c0443f06;6;q4
95897683-0e62-4f31-8575-77136b4ebebe;9;q4
6cd79452-c315-4dbe-93af-8c2077a67a56;10;q4
334df000-99c4-4ccd-b5b5-4b8cabdad476;4;q4
1537bb2d-2d89-4d66-b6c7-f3659b85403f;7;q4
b2a12ed0-6436-4cbc-b70d-d0a7ba0e0981;10;q4
e03a0573-ee71-4c91-a8ca-0b1eb82c1300;9;q4
ba818a91-0bf1-47d4-bc93-e5befe1c26e6;7;q4
d4a66c13-cd50-4171-8849-d52f0898a156;7;q4
ca6bae45-d4f7-4d52-bd43-e4d3542a6f93;8;q4
e5eccf62-17fb-4353-b886-e547a9699dd4;10;q4
f98ab946-62e2-4cb1-97a4-3301ccccba1b;3;q4
cb553655-ef6a-4f28-8271-131cdc9fc2ec;7;q4
ea3518ef-6655-4a33-bf76-337e21de5689;9;q4
f9cc1fc5-b439-4f4b-8257-0e5b2f47eb02;7;q4
ca55018f-21c4-41c2-b38f-b966fc3a8075;9;q4
a663330e-6e40-4813-b6f7-232aba1299eb;10;q4
be2f133c-eed1-4582-b8b8-d02aa1e594ad;6;q4
c9301569-631c-4d4d-aa30-2a65a5873029;8;q4
bac1cde8-4780-4edb-8062-46b1286d3f47;8;q4
ba4eba66-ab7c-4704-84e8-4218f019f196;10;q4
d0d86600-3649-4760-bb23-89f353e7d20b;3;q4
4f914c97-7283-4ed0-94f7-43bcc99e9e28;5;q4
9d832240-0310-4657-90c0-20525d24d766;6;q4
f6ae26b4-f319-4305-a6ca-9cdd8528695d;9;q4
f038ad7e-db1f-430f-8974-12c83a20eb8e;9;q4
f3b05d57-f280-41fc-a32d-d94647bade9a;6;q4
13e305ec-6c39-4b60-9cf1-5ddeae54b677;9;q4
e0ffda50-97e7-4872-a467-cc143cbac8fc;6;q4
cb71d11a-4e8d-4ab8-80be-ac1f46f5b2d1;9;q4
cd3dad39-da3f-4ada-9e09-a9832ca7bdd7;9;q4
f3b94dcb-2dde-48d7-968d-606fcddd692d;6;q4
ddbc5616-edb8-4052-9186-6e105e4491f6;10;q4
a7788435-7465-4f4d-9f4f-d412db68b295;2;q4
080c468b-27c0-455c-aa63-b8f807f2e3d7;7;q5
0b0379c7-04db-4c85-84bd-a2bd55329e29;10;q5
0e623280-b28b-4d4a-8eea-0732f09ed497;10;q5
045dc0f3-a730-4d03-a615-f51814e5b04f;5;q5
092f2ee7-5281-4a09-9bce-e5523b95b53b;9;q5
19c0851c-cbb1-45b5-9e78-884b761802ac;5;q5
1a386158-d08c-40b1-9365-e758927d3352;6;q5
78e234a7-c15a-49e5-b38c-7fb47b294ca8;8;q5
1331586c-ee72-4fc1-b622-812f54a49f6c;9;q5
35913db6-2e1e-4028-a631-473241be215c;8;q5
31d15d10-ae4f-4527-9aba-c0f93d329cb2;10;q5
1e41998a-cda9-4b44-aa34-8bcde6752d0a;10;q5
7c390c81-d248-4099-9abc-7b787be98b47;8;q5
5f294260-b679-434f-8818-e09ecd02ae70;10;q5
76dad81c-1a4a-4153-9932-f03188b1ae25;9;q5
3cd5d4f2-97f1-418c-bc49-ff0c2a58c855;10;q5
10e9b324-156e-4eb5-aec5-04d8a4d7124c;4;q5
20ba7dbd-f51c-49ff-9bf2-a777cd6d13f8;5;q5
6167cd49-a021-4f3f-b29b-a7ed48b9d94f;9;q5
824afe21-5c5b-4e61-a556-75bef43196e9;7;q5
8330a755-ac13-444b-90ca-7ddc4f4f3992;8;q5
6ee3efea-f12c-4740-937a-62f34a53e2ec;8;q5
3931df86-6c91-45c8-ae55-dd3a1036647f;7;q5
60b7d252-ffba-432f-a243-8b0d5f81331d;8;q5
75b63c62-9473-4ddc-979f-66b8de0a3683;5;q5
518a2693-4f58-463e-ac2c-c5ce06d3c9fb;8;q5
8ebeb6f9-b48c-4067-a307-1da81fde67da;8;q5
7e80110b-c26c-43b1-8bc2-2515642420ad;7;q5
702da1cd-9691-4f0b-9ab9-020f9454d86b;9;q5
25602500-ca31-4404-b155-3e070652c2c0;6;q5
11cbc3a6-1c92-4f10-abe6-27def200d91d;10;q5
803144dd-8bb5-435e-94af-99bace5baf35;7;q5
780a59cc-70e6-4148-94c9-47bd1744cd5c;7;q5
3cd027c4-c9cf-475c-a678-769abe7e816a;8;q5
902d976c-f400-44ab-a0ac-198d94ba035a;8;q5
3d551ae7-9275-41b2-8270-260d730a6222;6;q5
42798e5c-9aa2-4efd-a370-5635018d4d81;8;q5
c65d2c31-227d-4750-af1a-1bfd6902d881;6;q5
4b737514-74b7-433a-9dde-ea224a6deeb9;8;q5
40d5e94f-2468-4f73-a0a0-e5a2c0443f06;6;q5
95897683-0e62-4f31-8575-77136b4ebebe;7;q5
6cd79452-c315-4dbe-93af-8c2077a67a56;9;q5
334df000-99c4-4ccd-b5b5-4b8cabdad476;5;q5
1537bb2d-2d89-4d66-b6c7-f3659b85403f;8;q5
b2a12ed0-6436-4cbc-b70d-d0a7ba0e0981;7;q5
e03a0573-ee71-4c91-a8ca-0b1eb82c1300;9;q5
ba818a91-0bf1-47d4-bc93-e5befe1c26e6;8;q5
d4a66c13-cd50-4171-8849-d52f0898a156;7;q5
ca6bae45-d4f7-4d52-bd43-e4d3542a6f93;8;q5
e5eccf62-17fb-4353-b886-e547a9699dd4;5;q5
f98ab946-62e2-4cb1-97a4-3301ccccba1b;2;q5
cb553655-ef6a-4f28-8271-131cdc9fc2ec;8;q5
ea3518ef-6655-4a33-bf76-337e21de5689;9;q5
f9cc1fc5-b439-4f4b-8257-0e5b2f47eb02;8;q5
ca55018f-21c4-41c2-b38f-b966fc3a8075;9;q5
a663330e-6e40-4813-b6f7-232aba1299eb;9;q5
be2f133c-eed1-4582-b8b8-d02aa1e594ad;6;q5
c9301569-631c-4d4d-aa30-2a65a5873029;7;q5
bac1cde8-4780-4edb-8062-46b1286d3f47;8;q5
ba4eba66-ab7c-4704-84e8-4218f019f196;6;q5
d0d86600-3649-4760-bb23-89f353e7d20b;6;q5
4f914c97-7283-4ed0-94f7-43bcc99e9e28;7;q5
9d832240-0310-4657-90c0-20525d24d766;8;q5
f6ae26b4-f319-4305-a6ca-9cdd8528695d;10;q5
f038ad7e-db1f-430f-8974-12c83a20eb8e;8;q5
f3b05d57-f280-41fc-a32d-d94647bade9a;7;q5
13e305ec-6c39-4b60-9cf1-5ddeae54b677;7;q5
e0ffda50-97e7-4872-a467-cc143cbac8fc;10;q5
cb71d11a-4e8d-4ab8-80be-ac1f46f5b2d1;7;q5
cd3dad39-da3f-4ada-9e09-a9832ca7bdd7;8;q5
f3b94dcb-2dde-48d7-968d-606fcddd692d;6;q5
ddbc5616-edb8-4052-9186-6e105e4491f6;10;q5
a7788435-7465-4f4d-9f4f-d412db68b295;2;q5
080c468b-27c0-455c-aa63-b8f807f2e3d7;7;q6
0b0379c7-04db-4c85-84bd-a2bd55329e29;10;q6
0e623280-b28b-4d4a-8eea-0732f09ed497;10;q6
045dc0f3-a730-4d03-a615-f51814e5b04f;5;q6
092f2ee7-5281-4a09-9bce-e5523b95b53b;7;q6
19c0851c-cbb1-45b5-9e78-884b761802ac;6;q6
1a386158-d08c-40b1-9365-e758927d3352;6;q6
78e234a7-c15a-49e5-b38c-7fb47b294ca8;10;q6
1331586c-ee72-4fc1-b622-812f54a49f6c;8;q6
35913db6-2e1e-4028-a631-473241be215c;9;q6
31d15d10-ae4f-4527-9aba-c0f93d329cb2;9;q6
1e41998a-cda9-4b44-aa34-8bcde6752d0a;10;q6
7c390c81-d248-4099-9abc-7b787be98b47;8;q6
5f294260-b679-434f-8818-e09ecd02ae70;8;q6
76dad81c-1a4a-4153-9932-f03188b1ae25;9;q6
3cd5d4f2-97f1-418c-bc49-ff0c2a58c855;3;q6
10e9b324-156e-4eb5-aec5-04d8a4d7124c;3;q6
20ba7dbd-f51c-49ff-9bf2-a777cd6d13f8;8;q6
6167cd49-a021-4f3f-b29b-a7ed48b9d94f;8;q6
824afe21-5c5b-4e61-a556-75bef43196e9;7;q6
8330a755-ac13-444b-90ca-7ddc4f4f3992;9;q6
6ee3efea-f12c-4740-937a-62f34a53e2ec;10;q6
3931df86-6c91-45c8-ae55-dd3a1036647f;3;q6
60b7d252-ffba-432f-a243-8b0d5f81331d;9;q6
75b63c62-9473-4ddc-979f-66b8de0a3683;4;q6
518a2693-4f58-463e-ac2c-c5ce06d3c9fb;7;q6
8ebeb6f9-b48c-4067-a307-1da81fde67da;9;q6
7e80110b-c26c-43b1-8bc2-2515642420ad;8;q6
702da1cd-9691-4f0b-9ab9-020f9454d86b;7;q6
25602500-ca31-4404-b155-3e070652c2c0;7;q6
11cbc3a6-1c92-4f10-abe6-27def200d91d;10;q6
803144dd-8bb5-435e-94af-99bace5baf35;9;q6
780a59cc-70e6-4148-94c9-47bd1744cd5c;9;q6
3cd027c4-c9cf-475c-a678-769abe7e816a;9;q6
902d976c-f400-44ab-a0ac-198d94ba035a;7;q6
3d551ae7-9275-41b2-8270-260d730a6222;7;q6
42798e5c-9aa2-4efd-a370-5635018d4d81;8;q6
c65d2c31-227d-4750-af1a-1bfd6902d881;6;q6
4b737514-74b7-433a-9dde-ea224a6deeb9;10;q6
40d5e94f-2468-4f73-a0a0-e5a2c0443f06;5;q6
95897683-0e62-4f31-8575-77136b4ebebe;2;q6
6cd79452-c315-4dbe-93af-8c2077a67a56;9;q6
334df000-99c4-4ccd-b5b5-4b8cabdad476;8;q6
1537bb2d-2d89-4d66-b6c7-f3659b85403f;6;q6
b2a12ed0-6436-4cbc-b70d-d0a7ba0e0981;8;q6
e03a0573-ee71-4c91-a8ca-0b1eb82c1300;7;q6
ba818a91-0bf1-47d4-bc93-e5befe1c26e6;9;q6
d4a66c13-cd50-4171-8849-d52f0898a156;7;q6
ca6bae45-d4f7-4d52-bd43-e4d3542a6f93;3;q6
e5eccf62-17fb-4353-b886-e547a9699dd4;8;q6
f98ab946-62e2-4cb1-97a4-3301ccccba1b;3;q6
cb553655-ef6a-4f28-8271-131cdc9fc2ec;8;q6
ea3518ef-6655-4a33-bf76-337e21de5689;9;q6
f9cc1fc5-b439-4f4b-8257-0e5b2f47eb02;9;q6
ca55018f-21c4-41c2-b38f-b966fc3a8075;9;q6
a663330e-6e40-4813-b6f7-232aba1299eb;10;q6
be2f133c-eed1-4582-b8b8-d02aa1e594ad;6;q6
c9301569-631c-4d4d-aa30-2a65a5873029;6;q6
bac1cde8-4780-4edb-8062-46b1286d3f47;9;q6
ba4eba66-ab7c-4704-84e8-4218f019f196;8;q6
d0d86600-3649-4760-bb23-89f353e7d20b;8;q6
4f914c97-7283-4ed0-94f7-43bcc99e9e28;8;q6
9d832240-0310-4657-90c0-20525d24d766;9;q6
f6ae26b4-f319-4305-a6ca-9cdd8528695d;10;q6
f038ad7e-db1f-430f-8974-12c83a20eb8e;9;q6
f3b05d57-f280-41fc-a32d-d94647bade9a;7;q6
13e305ec-6c39-4b60-9cf1-5ddeae54b677;9;q6
e0ffda50-97e7-4872-a467-cc143cbac8fc;10;q6
cb71d11a-4e8d-4ab8-80be-ac1f46f5b2d1;7;q6
cd3dad39-da3f-4ada-9e09-a9832ca7bdd7;8;q6
f3b94dcb-2dde-48d7-968d-606fcddd692d;6;q6
ddbc5616-edb8-4052-9186-6e105e4491f6;10;q6
a7788435-7465-4f4d-9f4f-d412db68b295;9;q6
080c468b-27c0-455c-aa63-b8f807f2e3d7;6;q7
0b0379c7-04db-4c85-84bd-a2bd55329e29;10;q7
0e623280-b28b-4d4a-8eea-0732f09ed497;10;q7
045dc0f3-a730-4d03-a615-f51814e5b04f;5;q7
092f2ee7-5281-4a09-9bce-e5523b95b53b;8;q7
19c0851c-cbb1-45b5-9e78-884b761802ac;8;q7
1a386158-d08c-40b1-9365-e758927d3352;7;q7
78e234a7-c15a-49e5-b38c-7fb47b294ca8;9;q7
1331586c-ee72-4fc1-b622-812f54a49f6c;9;q7
35913db6-2e1e-4028-a631-473241be215c;8;q7
31d15d10-ae4f-4527-9aba-c0f93d329cb2;8;q7
1e41998a-cda9-4b44-aa34-8bcde6752d0a;10;q7
7c390c81-d248-4099-9abc-7b787be98b47;7;q7
5f294260-b679-434f-8818-e09ecd02ae70;10;q7
76dad81c-1a4a-4153-9932-f03188b1ae25;10;q7
3cd5d4f2-97f1-418c-bc49-ff0c2a58c855;10;q7
10e9b324-156e-4eb5-aec5-04d8a4d7124c;3;q7
20ba7dbd-f51c-49ff-9bf2-a777cd6d13f8;9;q7
6167cd49-a021-4f3f-b29b-a7ed48b9d94f;7;q7
824afe21-5c5b-4e61-a556-75bef43196e9;10;q7
8330a755-ac13-444b-90ca-7ddc4f4f3992;8;q7
6ee3efea-f12c-4740-937a-62f34a53e2ec;9;q7
3931df86-6c91-45c8-ae55-dd3a1036647f;1;q7
60b7d252-ffba-432f-a243-8b0d5f81331d;8;q7
75b63c62-9473-4ddc-979f-66b8de0a3683;5;q7
518a2693-4f58-463e-ac2c-c5ce06d3c9fb;7;q7
8ebeb6f9-b48c-4067-a307-1da81fde67da;10;q7
7e80110b-c26c-43b1-8bc2-2515642420ad;7;q7
702da1cd-9691-4f0b-9ab9-020f9454d86b;6;q7
25602500-ca31-4404-b155-3e070652c2c0;6;q7
11cbc3a6-1c92-4f10-abe6-27def200d91d;9;q7
803144dd-8bb5-435e-94af-99bace5baf35;7;q7
780a59cc-70e6-4148-94c9-47bd1744cd5c;9;q7
3cd027c4-c9cf-475c-a678-769abe7e816a;9;q7
902d976c-f400-44ab-a0ac-198d94ba035a;8;q7
3d551ae7-9275-41b2-8270-260d730a6222;6;q7
42798e5c-9aa2-4efd-a370-5635018d4d81;8;q7
c65d2c31-227d-4750-af1a-1bfd6902d881;6;q7
4b737514-74b7-433a-9dde-ea224a6deeb9;10;q7
40d5e94f-2468-4f73-a0a0-e5a2c0443f06;6;q7
95897683-0e62-4f31-8575-77136b4ebebe;2;q7
6cd79452-c315-4dbe-93af-8c2077a67a56;7;q7
334df000-99c4-4ccd-b5b5-4b8cabdad476;8;q7
1537bb2d-2d89-4d66-b6c7-f3659b85403f;10;q7
b2a12ed0-6436-4cbc-b70d-d0a7ba0e0981;8;q7
e03a0573-ee71-4c91-a8ca-0b1eb82c1300;7;q7
ba818a91-0bf1-47d4-bc93-e5befe1c26e6;9;q7
d4a66c13-cd50-4171-8849-d52f0898a156;7;q7
ca6bae45-d4f7-4d52-bd43-e4d3542a6f93;8;q7
e5eccf62-17fb-4353-b886-e547a9699dd4;8;q7
f98ab946-62e2-4cb1-97a4-3301ccccba1b;1;q7
cb553655-ef6a-4f28-8271-131cdc9fc2ec;6;q7
ea3518ef-6655-4a33-bf76-337e21de5689;6;q7
f9cc1fc5-b439-4f4b-8257-0e5b2f47eb02;9;q7
ca55018f-21c4-41c2-b38f-b966fc3a8075;9;q7
a663330e-6e40-4813-b6f7-232aba1299eb;7;q7
be2f133c-eed1-4582-b8b8-d02aa1e594ad;8;q7
c9301569-631c-4d4d-aa30-2a65a5873029;8;q7
bac1cde8-4780-4edb-8062-46b1286d3f47;8;q7
ba4eba66-ab7c-4704-84e8-4218f019f196;7;q7
d0d86600-3649-4760-bb23-89f353e7d20b;8;q7
4f914c97-7283-4ed0-94f7-43bcc99e9e28;6;q7
9d832240-0310-4657-90c0-20525d24d766;8;q7
f6ae26b4-f319-4305-a6ca-9cdd8528695d;9;q7
f038ad7e-db1f-430f-8974-12c83a20eb8e;9;q7
f3b05d57-f280-41fc-a32d-d94647bade9a;8;q7
13e305ec-6c39-4b60-9cf1-5ddeae54b677;8;q7
e0ffda50-97e7-4872-a467-cc143cbac8fc;9;q7
cb71d11a-4e8d-4ab8-80be-ac1f46f5b2d1;8;q7
cd3dad39-da3f-4ada-9e09-a9832ca7bdd7;7;q7
f3b94dcb-2dde-48d7-968d-606fcddd692d;6;q7
ddbc5616-edb8-4052-9186-6e105e4491f6;10;q7
a7788435-7465-4f4d-9f4f-d412db68b295;9;q7
080c468b-27c0-455c-aa63-b8f807f2e3d7;6;q8
0b0379c7-04db-4c85-84bd-a2bd55329e29;10;q8
0e623280-b28b-4d4a-8eea-0732f09ed497;10;q8
045dc0f3-a730-4d03-a615-f51814e5b04f;6;q8
092f2ee7-5281-4a09-9bce-e5523b95b53b;5;q8
19c0851c-cbb1-45b5-9e78-884b761802ac;7;q8
1a386158-d08c-40b1-9365-e758927d3352;7;q8
78e234a7-c15a-49e5-b38c-7fb47b294ca8;10;q8
1331586c-ee72-4fc1-b622-812f54a49f6c;9;q8
35913db6-2e1e-4028-a631-473241be215c;9;q8
31d15d10-ae4f-4527-9aba-c0f93d329cb2;9;q8
1e41998a-cda9-4b44-aa34-8bcde6752d0a;10;q8
7c390c81-d248-4099-9abc-7b787be98b47;9;q8
5f294260-b679-434f-8818-e09ecd02ae70;9;q8
76dad81c-1a4a-4153-9932-f03188b1ae25;9;q8
3cd5d4f2-97f1-418c-bc49-ff0c2a58c855;2;q8
10e9b324-156e-4eb5-aec5-04d8a4d7124c;3;q8
20ba7dbd-f51c-49ff-9bf2-a777cd6d13f8;8;q8
6167cd49-a021-4f3f-b29b-a7ed48b9d94f;8;q8
824afe21-5c5b-4e61-a556-75bef43196e9;7;q8
8330a755-ac13-444b-90ca-7ddc4f4f3992;10;q8
6ee3efea-f12c-4740-937a-62f34a53e2ec;9;q8
3931df86-6c91-45c8-ae55-dd3a1036647f;8;q8
60b7d252-ffba-432f-a243-8b0d5f81331d;9;q8
75b63c62-9473-4ddc-979f-66b8de0a3683;5;q8
518a2693-4f58-463e-ac2c-c5ce06d3c9fb;9;q8
8ebeb6f9-b48c-4067-a307-1da81fde67da;10;q8
7e80110b-c26c-43b1-8bc2-2515642420ad;8;q8
702da1cd-9691-4f0b-9ab9-020f9454d86b;7;q8
25602500-ca31-4404-b155-3e070652c2c0;5;q8
11cbc3a6-1c92-4f10-abe6-27def200d91d;9;q8
803144dd-8bb5-435e-94af-99bace5baf35;9;q8
780a59cc-70e6-4148-94c9-47bd1744cd5c;8;q8
3cd027c4-c9cf-475c-a678-769abe7e816a;10;q8
902d976c-f400-44ab-a0ac-198d94ba035a;8;q8
3d551ae7-9275-41b2-8270-260d730a6222;6;q8
42798e5c-9aa2-4efd-a370-5635018d4d81;7;q8
c65d2c31-227d-4750-af1a-1bfd6902d881;7;q8
4b737514-74b7-433a-9dde-ea224a6deeb9;5;q8
40d5e94f-2468-4f73-a0a0-e5a2c0443f06;6;q8
95897683-0e62-4f31-8575-77136b4ebebe;3;q8
6cd79452-c315-4dbe-93af-8c2077a67a56;9;q8
334df000-99c4-4ccd-b5b5-4b8cabdad476;5;q8
1537bb2d-2d89-4d66-b6c7-f3659b85403f;8;q8
b2a12ed0-6436-4cbc-b70d-d0a7ba0e0981;10;q8
e03a0573-ee71-4c91-a8ca-0b1eb82c1300;8;q8
ba818a91-0bf1-47d4-bc93-e5befe1c26e6;8;q8
d4a66c13-cd50-4171-8849-d52f0898a156;10;q8
ca6bae45-d4f7-4d52-bd43-e4d3542a6f93;5;q8
e5eccf62-17fb-4353-b886-e547a9699dd4;8;q8
f98ab946-62e2-4cb1-97a4-3301ccccba1b;2;q8
cb553655-ef6a-4f28-8271-131cdc9fc2ec;8;q8
ea3518ef-6655-4a33-bf76-337e21de5689;8;q8
f9cc1fc5-b439-4f4b-8257-0e5b2f47eb02;7;q8
ca55018f-21c4-41c2-b38f-b966fc3a8075;7;q8
a663330e-6e40-4813-b6f7-232aba1299eb;8;q8
be2f133c-eed1-4582-b8b8-d02aa1e594ad;9;q8
c9301569-631c-4d4d-aa30-2a65a5873029;7;q8
bac1cde8-4780-4edb-8062-46b1286d3f47;7;q8
ba4eba66-ab7c-4704-84e8-4218f019f196;7;q8
d0d86600-3649-4760-bb23-89f353e7d20b;7;q8
4f914c97-7283-4ed0-94f7-43bcc99e9e28;6;q8
9d832240-0310-4657-90c0-20525d24d766;7;q8
f6ae26b4-f319-4305-a6ca-9cdd8528695d;10;q8
f038ad7e-db1f-430f-8974-12c83a20eb8e;9;q8
f3b05d57-f280-41fc-a32d-d94647bade9a;8;q8
13e305ec-6c39-4b60-9cf1-5ddeae54b677;8;q8
e0ffda50-97e7-4872-a467-cc143cbac8fc;8;q8
cb71d11a-4e8d-4ab8-80be-ac1f46f5b2d1;8;q8
cd3dad39-da3f-4ada-9e09-a9832ca7bdd7;9;q8
f3b94dcb-2dde-48d7-968d-606fcddd692d;6;q8
ddbc5616-edb8-4052-9186-6e105e4491f6;10;q8
a7788435-7465-4f4d-9f4f-d412db68b295;7;q8
080c468b-27c0-455c-aa63-b8f807f2e3d7;5;q9
0b0379c7-04db-4c85-84bd-a2bd55329e29;9;q9
0e623280-b28b-4d4a-8eea-0732f09ed497;10;q9
045dc0f3-a730-4d03-a615-f51814e5b04f;6;q9
092f2ee7-5281-4a09-9bce-e5523b95b53b;7;q9
19c0851c-cbb1-45b5-9e78-884b761802ac;4;q9
1a386158-d08c-40b1-9365-e758927d3352;7;q9
78e234a7-c15a-49e5-b38c-7fb47b294ca8;7;q9
1331586c-ee72-4fc1-b622-812f54a49f6c;9;q9
35913db6-2e1e-4028-a631-473241be215c;7;q9
31d15d10-ae4f-4527-9aba-c0f93d329cb2;10;q9
1e41998a-cda9-4b44-aa34-8bcde6752d0a;10;q9
7c390c81-d248-4099-9abc-7b787be98b47;9;q9
5f294260-b679-434f-8818-e09ecd02ae70;10;q9
76dad81c-1a4a-4153-9932-f03188b1ae25;7;q9
3cd5d4f2-97f1-418c-bc49-ff0c2a58c855;7;q9
10e9b324-156e-4eb5-aec5-04d8a4d7124c;3;q9
20ba7dbd-f51c-49ff-9bf2-a777cd6d13f8;6;q9
6167cd49-a021-4f3f-b29b-a7ed48b9d94f;8;q9
824afe21-5c5b-4e61-a556-75bef43196e9;7;q9
8330a755-ac13-444b-90ca-7ddc4f4f3992;9;q9
6ee3efea-f12c-4740-937a-62f34a53e2ec;7;q9
3931df86-6c91-45c8-ae55-dd3a1036647f;8;q9
60b7d252-ffba-432f-a243-8b0d5f81331d;9;q9
75b63c62-9473-4ddc-979f-66b8de0a3683;4;q9
518a2693-4f58-463e-ac2c-c5ce06d3c9fb;8;q9
8ebeb6f9-b48c-4067-a307-1da81fde67da;10;q9
7e80110b-c26c-43b1-8bc2-2515642420ad;7;q9
702da1cd-9691-4f0b-9ab9-020f9454d86b;5;q9
25602500-ca31-4404-b155-3e070652c2c0;5;q9
11cbc3a6-1c92-4f10-abe6-27def200d91d;3;q9
803144dd-8bb5-435e-94af-99bace5baf35;9;q9
780a59cc-70e6-4148-94c9-47bd1744cd5c;10;q9
3cd027c4-c9cf-475c-a678-769abe7e816a;9;q9
902d976c-f400-44ab-a0ac-198d94ba035a;8;q9
3d551ae7-9275-41b2-8270-260d730a6222;6;q9
42798e5c-9aa2-4efd-a370-5635018d4d81;9;q9
c65d2c31-227d-4750-af1a-1bfd6902d881;10;q9
4b737514-74b7-433a-9dde-ea224a6deeb9;5;q9
40d5e94f-2468-4f73-a0a0-e5a2c0443f06;6;q9
95897683-0e62-4f31-8575-77136b4ebebe;3;q9
6cd79452-c315-4dbe-93af-8c2077a67a56;5;q9
334df000-99c4-4ccd-b5b5-4b8cabdad476;3;q9
1537bb2d-2d89-4d66-b6c7-f3659b85403f;9;q9
b2a12ed0-6436-4cbc-b70d-d0a7ba0e0981;10;q9
e03a0573-ee71-4c91-a8ca-0b1eb82c1300;2;q9
ba818a91-0bf1-47d4-bc93-e5befe1c26e6;8;q9
d4a66c13-cd50-4171-8849-d52f0898a156;7;q9
ca6bae45-d4f7-4d52-bd43-e4d3542a6f93;5;q9
e5eccf62-17fb-4353-b886-e547a9699dd4;1;q9
f98ab946-62e2-4cb1-97a4-3301ccccba1b;8;q9
cb553655-ef6a-4f28-8271-131cdc9fc2ec;7;q9
ea3518ef-6655-4a33-bf76-337e21de5689;7;q9
f9cc1fc5-b439-4f4b-8257-0e5b2f47eb02;7;q9
ca55018f-21c4-41c2-b38f-b966fc3a8075;8;q9
a663330e-6e40-4813-b6f7-232aba1299eb;9;q9
be2f133c-eed1-4582-b8b8-d02aa1e594ad;8;q9
c9301569-631c-4d4d-aa30-2a65a5873029;7;q9
bac1cde8-4780-4edb-8062-46b1286d3f47;8;q9
ba4eba66-ab7c-4704-84e8-4218f019f196;6;q9
d0d86600-3649-4760-bb23-89f353e7d20b;5;q9
4f914c97-7283-4ed0-94f7-43bcc99e9e28;6;q9
9d832240-0310-4657-90c0-20525d24d766;9;q9
f6ae26b4-f319-4305-a6ca-9cdd8528695d;8;q9
f038ad7e-db1f-430f-8974-12c83a20eb8e;10;q9
f3b05d57-f280-41fc-a32d-d94647bade9a;7;q9
13e305ec-6c39-4b60-9cf1-5ddeae54b677;7;q9
e0ffda50-97e7-4872-a467-cc143cbac8fc;9;q9
cb71d11a-4e8d-4ab8-80be-ac1f46f5b2d1;3;q9
cd3dad39-da3f-4ada-9e09-a9832ca7bdd7;7;q9
f3b94dcb-2dde-48d7-968d-606fcddd692d;2;q9
ddbc5616-edb8-4052-9186-6e105e4491f6;10;q9
a7788435-7465-4f4d-9f4f-d412db68b295;10;q9
080c468b-27c0-455c-aa63-b8f807f2e3d7;5;q10
0b0379c7-04db-4c85-84bd-a2bd55329e29;10;q10
0e623280-b28b-4d4a-8eea-0732f09ed497;10;q10
045dc0f3-a730-4d03-a615-f51814e5b04f;8;q10
092f2ee7-5281-4a09-9bce-e5523b95b53b;8;q10
19c0851c-cbb1-45b5-9e78-884b761802ac;5;q10
1a386158-d08c-40b1-9365-e758927d3352;6;q10
78e234a7-c15a-49e5-b38c-7fb47b294ca8;6;q10
1331586c-ee72-4fc1-b622-812f54a49f6c;5;q10
35913db6-2e1e-4028-a631-473241be215c;9;q10
31d15d10-ae4f-4527-9aba-c0f93d329cb2;6;q10
1e41998a-cda9-4b44-aa34-8bcde6752d0a;10;q10
7c390c81-d248-4099-9abc-7b787be98b47;9;q10
5f294260-b679-434f-8818-e09ecd02ae70;7;q10
76dad81c-1a4a-4153-9932-f03188b1ae25;3;q10
3cd5d4f2-97f1-418c-bc49-ff0c2a58c855;3;q10
10e9b324-156e-4eb5-aec5-04d8a4d7124c;3;q10
20ba7dbd-f51c-49ff-9bf2-a777cd6d13f8;6;q10
6167cd49-a021-4f3f-b29b-a7ed48b9d94f;7;q10
824afe21-5c5b-4e61-a556-75bef43196e9;7;q10
8330a755-ac13-444b-90ca-7ddc4f4f3992;7;q10
6ee3efea-f12c-4740-937a-62f34a53e2ec;6;q10
3931df86-6c91-45c8-ae55-dd3a1036647f;8;q10
60b7d252-ffba-432f-a243-8b0d5f81331d;9;q10
75b63c62-9473-4ddc-979f-66b8de0a3683;5;q10
518a2693-4f58-463e-ac2c-c5ce06d3c9fb;8;q10
8ebeb6f9-b48c-4067-a307-1da81fde67da;8;q10
7e80110b-c26c-43b1-8bc2-2515642420ad;8;q10
702da1cd-9691-4f0b-9ab9-020f9454d86b;7;q10
25602500-ca31-4404-b155-3e070652c2c0;8;q10
11cbc3a6-1c92-4f10-abe6-27def200d91d;2;q10
803144dd-8bb5-435e-94af-99bace5baf35;7;q10
780a59cc-70e6-4148-94c9-47bd1744cd5c;10;q10
3cd027c4-c9cf-475c-a678-769abe7e816a;9;q10
902d976c-f400-44ab-a0ac-198d94ba035a;7;q10
3d551ae7-9275-41b2-8270-260d730a6222;3;q10
42798e5c-9aa2-4efd-a370-5635018d4d81;7;q10
c65d2c31-227d-4750-af1a-1bfd6902d881;7;q10
4b737514-74b7-433a-9dde-ea224a6deeb9;9;q10
40d5e94f-2468-4f73-a0a0-e5a2c0443f06;5;q10
95897683-0e62-4f31-8575-77136b4ebebe;3;q10
6cd79452-c315-4dbe-93af-8c2077a67a56;8;q10
334df000-99c4-4ccd-b5b5-4b8cabdad476;6;q10
1537bb2d-2d89-4d66-b6c7-f3659b85403f;7;q10
b2a12ed0-6436-4cbc-b70d-d0a7ba0e0981;10;q10
e03a0573-ee71-4c91-a8ca-0b1eb82c1300;4;q10
ba818a91-0bf1-47d4-bc93-e5befe1c26e6;5;q10
d4a66c13-cd50-4171-8849-d52f0898a156;6;q10
ca6bae45-d4f7-4d52-bd43-e4d3542a6f93;3;q10
e5eccf62-17fb-4353-b886-e547a9699dd4;5;q10
f98ab946-62e2-4cb1-97a4-3301ccccba1b;2;q10
cb553655-ef6a-4f28-8271-131cdc9fc2ec;7;q10
ea3518ef-6655-4a33-bf76-337e21de5689;4;q10
f9cc1fc5-b439-4f4b-8257-0e5b2f47eb02;5;q10
ca55018f-21c4-41c2-b38f-b966fc3a8075;6;q10
a663330e-6e40-4813-b6f7-232aba1299eb;8;q10
be2f133c-eed1-4582-b8b8-d02aa1e594ad;5;q10
c9301569-631c-4d4d-aa30-2a65a5873029;4;q10
bac1cde8-4780-4edb-8062-46b1286d3f47;10;q10
ba4eba66-ab7c-4704-84e8-4218f019f196;5;q10
d0d86600-3649-4760-bb23-89f353e7d20b;5;q10
4f914c97-7283-4ed0-94f7-43bcc99e9e28;3;q10
9d832240-0310-4657-90c0-20525d24d766;9;q10
f6ae26b4-f319-4305-a6ca-9cdd8528695d;4;q10
f038ad7e-db1f-430f-8974-12c83a20eb8e;10;q10
f3b05d57-f280-41fc-a32d-d94647bade9a;10;q10
13e305ec-6c39-4b60-9cf1-5ddeae54b677;6;q10
e0ffda50-97e7-4872-a467-cc143cbac8fc;6;q10
cb71d11a-4e8d-4ab8-80be-ac1f46f5b2d1;5;q10
cd3dad39-da3f-4ada-9e09-a9832ca7bdd7;9;q10
f3b94dcb-2dde-48d7-968d-606fcddd692d;1;q10
ddbc5616-edb8-4052-9186-6e105e4491f6;10;q10
a7788435-7465-4f4d-9f4f-d412db68b295;6;q10
080c468b-27c0-455c-aa63-b8f807f2e3d7;5;q11
0b0379c7-04db-4c85-84bd-a2bd55329e29;10;q11
0e623280-b28b-4d4a-8eea-0732f09ed497;10;q11
045dc0f3-a730-4d03-a615-f51814e5b04f;7;q11
092f2ee7-5281-4a09-9bce-e5523b95b53b;7;q11
19c0851c-cbb1-45b5-9e78-884b761802ac;5;q11
1a386158-d08c-40b1-9365-e758927d3352;6;q11
78e234a7-c15a-49e5-b38c-7fb47b294ca8;10;q11
1331586c-ee72-4fc1-b622-812f54a49f6c;7;q11
35913db6-2e1e-4028-a631-473241be215c;8;q11
31d15d10-ae4f-4527-9aba-c0f93d329cb2;9;q11
1e41998a-cda9-4b44-aa34-8bcde6752d0a;10;q11
7c390c81-d248-4099-9abc-7b787be98b47;9;q11
5f294260-b679-434f-8818-e09ecd02ae70;6;q11
76dad81c-1a4a-4153-9932-f03188b1ae25;10;q11
3cd5d4f2-97f1-418c-bc49-ff0c2a58c855;8;q11
10e9b324-156e-4eb5-aec5-04d8a4d7124c;4;q11
20ba7dbd-f51c-49ff-9bf2-a777cd6d13f8;8;q11
6167cd49-a021-4f3f-b29b-a7ed48b9d94f;8;q11
824afe21-5c5b-4e61-a556-75bef43196e9;8;q11
8330a755-ac13-444b-90ca-7ddc4f4f3992;8;q11
6ee3efea-f12c-4740-937a-62f34a53e2ec;10;q11
3931df86-6c91-45c8-ae55-dd3a1036647f;8;q11
60b7d252-ffba-432f-a243-8b0d5f81331d;9;q11
75b63c62-9473-4ddc-979f-66b8de0a3683;4;q11
518a2693-4f58-463e-ac2c-c5ce06d3c9fb;7;q11
8ebeb6f9-b48c-4067-a307-1da81fde67da;10;q11
7e80110b-c26c-43b1-8bc2-2515642420ad;7;q11
702da1cd-9691-4f0b-9ab9-020f9454d86b;6;q11
25602500-ca31-4404-b155-3e070652c2c0;5;q11
11cbc3a6-1c92-4f10-abe6-27def200d91d;7;q11
803144dd-8bb5-435e-94af-99bace5baf35;7;q11
780a59cc-70e6-4148-94c9-47bd1744cd5c;6;q11
3cd027c4-c9cf-475c-a678-769abe7e816a;8;q11
902d976c-f400-44ab-a0ac-198d94ba035a;8;q11
3d551ae7-9275-41b2-8270-260d730a6222;5;q11
42798e5c-9aa2-4efd-a370-5635018d4d81;8;q11
c65d2c31-227d-4750-af1a-1bfd6902d881;8;q11
4b737514-74b7-433a-9dde-ea224a6deeb9;10;q11
40d5e94f-2468-4f73-a0a0-e5a2c0443f06;7;q11
95897683-0e62-4f31-8575-77136b4ebebe;1;q11
6cd79452-c315-4dbe-93af-8c2077a67a56;8;q11
334df000-99c4-4ccd-b5b5-4b8cabdad476;5;q11
1537bb2d-2d89-4d66-b6c7-f3659b85403f;8;q11
b2a12ed0-6436-4cbc-b70d-d0a7ba0e0981;8;q11
e03a0573-ee71-4c91-a8ca-0b1eb82c1300;5;q11
ba818a91-0bf1-47d4-bc93-e5befe1c26e6;8;q11
d4a66c13-cd50-4171-8849-d52f0898a156;6;q11
ca6bae45-d4f7-4d52-bd43-e4d3542a6f93;7;q11
e5eccf62-17fb-4353-b886-e547a9699dd4;10;q11
f98ab946-62e2-4cb1-97a4-3301ccccba1b;3;q11
cb553655-ef6a-4f28-8271-131cdc9fc2ec;9;q11
ea3518ef-6655-4a33-bf76-337e21de5689;5;q11
f9cc1fc5-b439-4f4b-8257-0e5b2f47eb02;5;q11
ca55018f-21c4-41c2-b38f-b966fc3a8075;8;q11
a663330e-6e40-4813-b6f7-232aba1299eb;7;q11
be2f133c-eed1-4582-b8b8-d02aa1e594ad;7;q11
c9301569-631c-4d4d-aa30-2a65a5873029;6;q11
bac1cde8-4780-4edb-8062-46b1286d3f47;7;q11
ba4eba66-ab7c-4704-84e8-4218f019f196;7;q11
d0d86600-3649-4760-bb23-89f353e7d20b;4;q11
4f914c97-7283-4ed0-94f7-43bcc99e9e28;4;q11
9d832240-0310-4657-90c0-20525d24d766;7;q11
f6ae26b4-f319-4305-a6ca-9cdd8528695d;4;q11
f038ad7e-db1f-430f-8974-12c83a20eb8e;10;q11
f3b05d57-f280-41fc-a32d-d94647bade9a;6;q11
13e305ec-6c39-4b60-9cf1-5ddeae54b677;7;q11
e0ffda50-97e7-4872-a467-cc143cbac8fc;9;q11
cb71d11a-4e8d-4ab8-80be-ac1f46f5b2d1;6;q11
cd3dad39-da3f-4ada-9e09-a9832ca7bdd7;8;q11
f3b94dcb-2dde-48d7-968d-606fcddd692d;1;q11
ddbc5616-edb8-4052-9186-6e105e4491f6;10;q11
a7788435-7465-4f4d-9f4f-d412db68b295;6;q11
080c468b-27c0-455c-aa63-b8f807f2e3d7;3;q12
0b0379c7-04db-4c85-84bd-a2bd55329e29;10;q12
0e623280-b28b-4d4a-8eea-0732f09ed497;10;q12
045dc0f3-a730-4d03-a615-f51814e5b04f;8;q12
092f2ee7-5281-4a09-9bce-e5523b95b53b;8;q12
19c0851c-cbb1-45b5-9e78-884b761802ac;5;q12
1a386158-d08c-40b1-9365-e758927d3352;6;q12
78e234a7-c15a-49e5-b38c-7fb47b294ca8;10;q12
1331586c-ee72-4fc1-b622-812f54a49f6c;7;q12
35913db6-2e1e-4028-a631-473241be215c;8;q12
31d15d10-ae4f-4527-9aba-c0f93d329cb2;9;q12
1e41998a-cda9-4b44-aa34-8bcde6752d0a;10;q12
7c390c81-d248-4099-9abc-7b787be98b47;9;q12
5f294260-b679-434f-8818-e09ecd02ae70;5;q12
76dad81c-1a4a-4153-9932-f03188b1ae25;5;q12
3cd5d4f2-97f1-418c-bc49-ff0c2a58c855;5;q12
10e9b324-156e-4eb5-aec5-04d8a4d7124c;3;q12
20ba7dbd-f51c-49ff-9bf2-a777cd6d13f8;7;q12
6167cd49-a021-4f3f-b29b-a7ed48b9d94f;8;q12
824afe21-5c5b-4e61-a556-75bef43196e9;8;q12
8330a755-ac13-444b-90ca-7ddc4f4f3992;9;q12
6ee3efea-f12c-4740-937a-62f34a53e2ec;7;q12
3931df86-6c91-45c8-ae55-dd3a1036647f;8;q12
60b7d252-ffba-432f-a243-8b0d5f81331d;8;q12
75b63c62-9473-4ddc-979f-66b8de0a3683;5;q12
518a2693-4f58-463e-ac2c-c5ce06d3c9fb;8;q12
8ebeb6f9-b48c-4067-a307-1da81fde67da;6;q12
7e80110b-c26c-43b1-8bc2-2515642420ad;7;q12
702da1cd-9691-4f0b-9ab9-020f9454d86b;7;q12
25602500-ca31-4404-b155-3e070652c2c0;6;q12
11cbc3a6-1c92-4f10-abe6-27def200d91d;7;q12
803144dd-8bb5-435e-94af-99bace5baf35;8;q12
780a59cc-70e6-4148-94c9-47bd1744cd5c;9;q12
3cd027c4-c9cf-475c-a678-769abe7e816a;9;q12
902d976c-f400-44ab-a0ac-198d94ba035a;9;q12
3d551ae7-9275-41b2-8270-260d730a6222;3;q12
42798e5c-9aa2-4efd-a370-5635018d4d81;7;q12
c65d2c31-227d-4750-af1a-1bfd6902d881;6;q12
4b737514-74b7-433a-9dde-ea224a6deeb9;10;q12
40d5e94f-2468-4f73-a0a0-e5a2c0443f06;5;q12
95897683-0e62-4f31-8575-77136b4ebebe;1;q12
6cd79452-c315-4dbe-93af-8c2077a67a56;10;q12
334df000-99c4-4ccd-b5b5-4b8cabdad476;5;q12
1537bb2d-2d89-4d66-b6c7-f3659b85403f;7;q12
b2a12ed0-6436-4cbc-b70d-d0a7ba0e0981;10;q12
e03a0573-ee71-4c91-a8ca-0b1eb82c1300;5;q12
ba818a91-0bf1-47d4-bc93-e5befe1c26e6;8;q12
d4a66c13-cd50-4171-8849-d52f0898a156;6;q12
ca6bae45-d4f7-4d52-bd43-e4d3542a6f93;6;q12
e5eccf62-17fb-4353-b886-e547a9699dd4;1;q12
f98ab946-62e2-4cb1-97a4-3301ccccba1b;8;q12
cb553655-ef6a-4f28-8271-131cdc9fc2ec;9;q12
ea3518ef-6655-4a33-bf76-337e21de5689;4;q12
f9cc1fc5-b439-4f4b-8257-0e5b2f47eb02;3;q12
ca55018f-21c4-41c2-b38f-b966fc3a8075;10;q12
a663330e-6e40-4813-b6f7-232aba1299eb;10;q12
be2f133c-eed1-4582-b8b8-d02aa1e594ad;8;q12
c9301569-631c-4d4d-aa30-2a65a5873029;6;q12
bac1cde8-4780-4edb-8062-46b1286d3f47;9;q12
ba4eba66-ab7c-4704-84e8-4218f019f196;5;q12
d0d86600-3649-4760-bb23-89f353e7d20b;7;q12
4f914c97-7283-4ed0-94f7-43bcc99e9e28;4;q12
9d832240-0310-4657-90c0-20525d24d766;8;q12
f6ae26b4-f319-4305-a6ca-9cdd8528695d;4;q12
f038ad7e-db1f-430f-8974-12c83a20eb8e;9;q12
f3b05d57-f280-41fc-a32d-d94647bade9a;8;q12
13e305ec-6c39-4b60-9cf1-5ddeae54b677;6;q12
e0ffda50-97e7-4872-a467-cc143cbac8fc;10;q12
cb71d11a-4e8d-4ab8-80be-ac1f46f5b2d1;5;q12
cd3dad39-da3f-4ada-9e09-a9832ca7bdd7;7;q12
f3b94dcb-2dde-48d7-968d-606fcddd692d;1;q12
ddbc5616-edb8-4052-9186-6e105e4491f6;10;q12
a7788435-7465-4f4d-9f4f-d412db68b295;3;q12
080c468b-27c0-455c-aa63-b8f807f2e3d7;6;q13
0b0379c7-04db-4c85-84bd-a2bd55329e29;10;q13
0e623280-b28b-4d4a-8eea-0732f09ed497;6;q13
045dc0f3-a730-4d03-a615-f51814e5b04f;10;q13
092f2ee7-5281-4a09-9bce-e5523b95b53b;10;q13
19c0851c-cbb1-45b5-9e78-884b761802ac;4;q13
1a386158-d08c-40b1-9365-e758927d3352;5;q13
78e234a7-c15a-49e5-b38c-7fb47b294ca8;9;q13
1331586c-ee72-4fc1-b622-812f54a49f6c;8;q13
35913db6-2e1e-4028-a631-473241be215c;7;q13
31d15d10-ae4f-4527-9aba-c0f93d329cb2;9;q13
1e41998a-cda9-4b44-aa34-8bcde6752d0a;10;q13
7c390c81-d248-4099-9abc-7b787be98b47;9;q13
5f294260-b679-434f-8818-e09ecd02ae70;8;q13
76dad81c-1a4a-4153-9932-f03188b1ae25;7;q13
3cd5d4f2-97f1-418c-bc49-ff0c2a58c855;8;q13
10e9b324-156e-4eb5-aec5-04d8a4d7124c;6;q13
20ba7dbd-f51c-49ff-9bf2-a777cd6d13f8;7;q13
6167cd49-a021-4f3f-b29b-a7ed48b9d94f;7;q13
824afe21-5c5b-4e61-a556-75bef43196e9;8;q13
8330a755-ac13-444b-90ca-7ddc4f4f3992;10;q13
6ee3efea-f12c-4740-937a-62f34a53e2ec;9;q13
3931df86-6c91-45c8-ae55-dd3a1036647f;6;q13
60b7d252-ffba-432f-a243-8b0d5f81331d;8;q13
75b63c62-9473-4ddc-979f-66b8de0a3683;6;q13
518a2693-4f58-463e-ac2c-c5ce06d3c9fb;8;q13
8ebeb6f9-b48c-4067-a307-1da81fde67da;7;q13
7e80110b-c26c-43b1-8bc2-2515642420ad;7;q13
702da1cd-9691-4f0b-9ab9-020f9454d86b;8;q13
25602500-ca31-4404-b155-3e070652c2c0;6;q13
11cbc3a6-1c92-4f10-abe6-27def200d91d;5;q13
803144dd-8bb5-435e-94af-99bace5baf35;9;q13
780a59cc-70e6-4148-94c9-47bd1744cd5c;10;q13
3cd027c4-c9cf-475c-a678-769abe7e816a;10;q13
902d976c-f400-44ab-a0ac-198d94ba035a;7;q13
3d551ae7-9275-41b2-8270-260d730a6222;6;q13
42798e5c-9aa2-4efd-a370-5635018d4d81;7;q13
c65d2c31-227d-4750-af1a-1bfd6902d881;6;q13
4b737514-74b7-433a-9dde-ea224a6deeb9;10;q13
40d5e94f-2468-4f73-a0a0-e5a2c0443f06;6;q13
95897683-0e62-4f31-8575-77136b4ebebe;1;q13
6cd79452-c315-4dbe-93af-8c2077a67a56;10;q13
334df000-99c4-4ccd-b5b5-4b8cabdad476;9;q13
1537bb2d-2d89-4d66-b6c7-f3659b85403f;10;q13
b2a12ed0-6436-4cbc-b70d-d0a7ba0e0981;10;q13
e03a0573-ee71-4c91-a8ca-0b1eb82c1300;7;q13
ba818a91-0bf1-47d4-bc93-e5befe1c26e6;8;q13
d4a66c13-cd50-4171-8849-d52f0898a156;6;q13
ca6bae45-d4f7-4d52-bd43-e4d3542a6f93;6;q13
e5eccf62-17fb-4353-b886-e547a9699dd4;10;q13
f98ab946-62e2-4cb1-97a4-3301ccccba1b;1;q13
cb553655-ef6a-4f28-8271-131cdc9fc2ec;6;q13
ea3518ef-6655-4a33-bf76-337e21de5689;7;q13
f9cc1fc5-b439-4f4b-8257-0e5b2f47eb02;5;q13
ca55018f-21c4-41c2-b38f-b966fc3a8075;7;q13
a663330e-6e40-4813-b6f7-232aba1299eb;10;q13
be2f133c-eed1-4582-b8b8-d02aa1e594ad;8;q13
c9301569-631c-4d4d-aa30-2a65a5873029;7;q13
bac1cde8-4780-4edb-8062-46b1286d3f47;7;q13
ba4eba66-ab7c-4704-84e8-4218f019f196;8;q13
d0d86600-3649-4760-bb23-89f353e7d20b;9;q13
4f914c97-7283-4ed0-94f7-43bcc99e9e28;5;q13
9d832240-0310-4657-90c0-20525d24d766;8;q13
f6ae26b4-f319-4305-a6ca-9cdd8528695d;9;q13
f038ad7e-db1f-430f-8974-12c83a20eb8e;9;q13
f3b05d57-f280-41fc-a32d-d94647bade9a;8;q13
13e305ec-6c39-4b60-9cf1-5ddeae54b677;8;q13
e0ffda50-97e7-4872-a467-cc143cbac8fc;8;q13
cb71d11a-4e8d-4ab8-80be-ac1f46f5b2d1;9;q13
cd3dad39-da3f-4ada-9e09-a9832ca7bdd7;8;q13
f3b94dcb-2dde-48d7-968d-606fcddd692d;5;q13
ddbc5616-edb8-4052-9186-6e105e4491f6;10;q13
a7788435-7465-4f4d-9f4f-d412db68b295;6;q13
080c468b-27c0-455c-aa63-b8f807f2e3d7;4;q14
0b0379c7-04db-4c85-84bd-a2bd55329e29;10;q14
0e623280-b28b-4d4a-8eea-0732f09ed497;9;q14
045dc0f3-a730-4d03-a615-f51814e5b04f;9;q14
092f2ee7-5281-4a09-9bce-e5523b95b53b;9;q14
19c0851c-cbb1-45b5-9e78-884b761802ac;4;q14
1a386158-d08c-40b1-9365-e758927d3352;6;q14
78e234a7-c15a-49e5-b38c-7fb47b294ca8;10;q14
1331586c-ee72-4fc1-b622-812f54a49f6c;8;q14
35913db6-2e1e-4028-a631-473241be215c;8;q14
31d15d10-ae4f-4527-9aba-c0f93d329cb2;9;q14
1e41998a-cda9-4b44-aa34-8bcde6752d0a;10;q14
7c390c81-d248-4099-9abc-7b787be98b47;9;q14
5f294260-b679-434f-8818-e09ecd02ae70;9;q14
76dad81c-1a4a-4153-9932-f03188b1ae25;10;q14
3cd5d4f2-97f1-418c-bc49-ff0c2a58c855;8;q14
10e9b324-156e-4eb5-aec5-04d8a4d7124c;4;q14
20ba7dbd-f51c-49ff-9bf2-a777cd6d13f8;6;q14
6167cd49-a021-4f3f-b29b-a7ed48b9d94f;9;q14
824afe21-5c5b-4e61-a556-75bef43196e9;8;q14
8330a755-ac13-444b-90ca-7ddc4f4f3992;9;q14
6ee3efea-f12c-4740-937a-62f34a53e2ec;10;q14
3931df86-6c91-45c8-ae55-dd3a1036647f;8;q14
60b7d252-ffba-432f-a243-8b0d5f81331d;8;q14
75b63c62-9473-4ddc-979f-66b8de0a3683;5;q14
518a2693-4f58-463e-ac2c-c5ce06d3c9fb;7;q14
8ebeb6f9-b48c-4067-a307-1da81fde67da;9;q14
7e80110b-c26c-43b1-8bc2-2515642420ad;7;q14
702da1cd-9691-4f0b-9ab9-020f9454d86b;9;q14
25602500-ca31-4404-b155-3e070652c2c0;7;q14
11cbc3a6-1c92-4f10-abe6-27def200d91d;5;q14
803144dd-8bb5-435e-94af-99bace5baf35;7;q14
780a59cc-70e6-4148-94c9-47bd1744cd5c;7;q14
3cd027c4-c9cf-475c-a678-769abe7e816a;9;q14
902d976c-f400-44ab-a0ac-198d94ba035a;7;q14
3d551ae7-9275-41b2-8270-260d730a6222;5;q14
42798e5c-9aa2-4efd-a370-5635018d4d81;7;q14
c65d2c31-227d-4750-af1a-1bfd6902d881;10;q14
4b737514-74b7-433a-9dde-ea224a6deeb9;7;q14
40d5e94f-2468-4f73-a0a0-e5a2c0443f06;7;q14
95897683-0e62-4f31-8575-77136b4ebebe;7;q14
6cd79452-c315-4dbe-93af-8c2077a67a56;10;q14
334df000-99c4-4ccd-b5b5-4b8cabdad476;9;q14
1537bb2d-2d89-4d66-b6c7-f3659b85403f;9;q14
b2a12ed0-6436-4cbc-b70d-d0a7ba0e0981;10;q14
e03a0573-ee71-4c91-a8ca-0b1eb82c1300;6;q14
ba818a91-0bf1-47d4-bc93-e5befe1c26e6;8;q14
d4a66c13-cd50-4171-8849-d52f0898a156;6;q14
ca6bae45-d4f7-4d52-bd43-e4d3542a6f93;6;q14
e5eccf62-17fb-4353-b886-e547a9699dd4;9;q14
f98ab946-62e2-4cb1-97a4-3301ccccba1b;1;q14
cb553655-ef6a-4f28-8271-131cdc9fc2ec;7;q14
ea3518ef-6655-4a33-bf76-337e21de5689;7;q14
f9cc1fc5-b439-4f4b-8257-0e5b2f47eb02;5;q14
ca55018f-21c4-41c2-b38f-b966fc3a8075;9;q14
a663330e-6e40-4813-b6f7-232aba1299eb;10;q14
be2f133c-eed1-4582-b8b8-d02aa1e594ad;9;q14
c9301569-631c-4d4d-aa30-2a65a5873029;7;q14
bac1cde8-4780-4edb-8062-46b1286d3f47;9;q14
ba4eba66-ab7c-4704-84e8-4218f019f196;8;q14
d0d86600-3649-4760-bb23-89f353e7d20b;9;q14
4f914c97-7283-4ed0-94f7-43bcc99e9e28;5;q14
9d832240-0310-4657-90c0-20525d24d766;7;q14
f6ae26b4-f319-4305-a6ca-9cdd8528695d;7;q14
f038ad7e-db1f-430f-8974-12c83a20eb8e;10;q14
f3b05d57-f280-41fc-a32d-d94647bade9a;10;q14
13e305ec-6c39-4b60-9cf1-5ddeae54b677;8;q14
e0ffda50-97e7-4872-a467-cc143cbac8fc;8;q14
cb71d11a-4e8d-4ab8-80be-ac1f46f5b2d1;8;q14
cd3dad39-da3f-4ada-9e09-a9832ca7bdd7;5;q14
f3b94dcb-2dde-48d7-968d-606fcddd692d;7;q14
ddbc5616-edb8-4052-9186-6e105e4491f6;10;q14
a7788435-7465-4f4d-9f4f-d412db68b295;6;q14
080c468b-27c0-455c-aa63-b8f807f2e3d7;5;q15
0b0379c7-04db-4c85-84bd-a2bd55329e29;10;q15
0e623280-b28b-4d4a-8eea-0732f09ed497;7;q15
045dc0f3-a730-4d03-a615-f51814e5b04f;5;q15
092f2ee7-5281-4a09-9bce-e5523b95b53b;8;q15
19c0851c-cbb1-45b5-9e78-884b761802ac;8;q15
1a386158-d08c-40b1-9365-e758927d3352;7;q15
78e234a7-c15a-49e5-b38c-7fb47b294ca8;10;q15
1331586c-ee72-4fc1-b622-812f54a49f6c;9;q15
35913db6-2e1e-4028-a631-473241be215c;8;q15
31d15d10-ae4f-4527-9aba-c0f93d329cb2;10;q15
1e41998a-cda9-4b44-aa34-8bcde6752d0a;10;q15
7c390c81-d248-4099-9abc-7b787be98b47;10;q15
5f294260-b679-434f-8818-e09ecd02ae70;10;q15
76dad81c-1a4a-4153-9932-f03188b1ae25;10;q15
3cd5d4f2-97f1-418c-bc49-ff0c2a58c855;8;q15
10e9b324-156e-4eb5-aec5-04d8a4d7124c;2;q15
20ba7dbd-f51c-49ff-9bf2-a777cd6d13f8;8;q15
6167cd49-a021-4f3f-b29b-a7ed48b9d94f;8;q15
824afe21-5c5b-4e61-a556-75bef43196e9;8;q15
8330a755-ac13-444b-90ca-7ddc4f4f3992;8;q15
6ee3efea-f12c-4740-937a-62f34a53e2ec;8;q15
3931df86-6c91-45c8-ae55-dd3a1036647f;8;q15
60b7d252-ffba-432f-a243-8b0d5f81331d;9;q15
75b63c62-9473-4ddc-979f-66b8de0a3683;5;q15
518a2693-4f58-463e-ac2c-c5ce06d3c9fb;8;q15
8ebeb6f9-b48c-4067-a307-1da81fde67da;10;q15
7e80110b-c26c-43b1-8bc2-2515642420ad;8;q15
702da1cd-9691-4f0b-9ab9-020f9454d86b;8;q15
25602500-ca31-4404-b155-3e070652c2c0;6;q15
11cbc3a6-1c92-4f10-abe6-27def200d91d;10;q15
803144dd-8bb5-435e-94af-99bace5baf35;5;q15
780a59cc-70e6-4148-94c9-47bd1744cd5c;8;q15
3cd027c4-c9cf-475c-a678-769abe7e816a;10;q15
902d976c-f400-44ab-a0ac-198d94ba035a;5;q15
3d551ae7-9275-41b2-8270-260d730a6222;5;q15
42798e5c-9aa2-4efd-a370-5635018d4d81;7;q15
c65d2c31-227d-4750-af1a-1bfd6902d881;8;q15
4b737514-74b7-433a-9dde-ea224a6deeb9;10;q15
40d5e94f-2468-4f73-a0a0-e5a2c0443f06;4;q15
95897683-0e62-4f31-8575-77136b4ebebe;1;q15
6cd79452-c315-4dbe-93af-8c2077a67a56;10;q15
334df000-99c4-4ccd-b5b5-4b8cabdad476;9;q15
1537bb2d-2d89-4d66-b6c7-f3659b85403f;8;q15
b2a12ed0-6436-4cbc-b70d-d0a7ba0e0981;10;q15
e03a0573-ee71-4c91-a8ca-0b1eb82c1300;7;q15
ba818a91-0bf1-47d4-bc93-e5befe1c26e6;7;q15
d4a66c13-cd50-4171-8849-d52f0898a156;6;q15
ca6bae45-d4f7-4d52-bd43-e4d3542a6f93;6;q15
e5eccf62-17fb-4353-b886-e547a9699dd4;1;q15
f98ab946-62e2-4cb1-97a4-3301ccccba1b;2;q15
cb553655-ef6a-4f28-8271-131cdc9fc2ec;9;q15
ea3518ef-6655-4a33-bf76-337e21de5689;7;q15
f9cc1fc5-b439-4f4b-8257-0e5b2f47eb02;9;q15
ca55018f-21c4-41c2-b38f-b966fc3a8075;8;q15
a663330e-6e40-4813-b6f7-232aba1299eb;10;q15
be2f133c-eed1-4582-b8b8-d02aa1e594ad;9;q15
c9301569-631c-4d4d-aa30-2a65a5873029;8;q15
bac1cde8-4780-4edb-8062-46b1286d3f47;7;q15
ba4eba66-ab7c-4704-84e8-4218f019f196;8;q15
d0d86600-3649-4760-bb23-89f353e7d20b;5;q15
4f914c97-7283-4ed0-94f7-43bcc99e9e28;6;q15
9d832240-0310-4657-90c0-20525d24d766;8;q15
f6ae26b4-f319-4305-a6ca-9cdd8528695d;8;q15
f038ad7e-db1f-430f-8974-12c83a20eb8e;9;q15
f3b05d57-f280-41fc-a32d-d94647bade9a;8;q15
13e305ec-6c39-4b60-9cf1-5ddeae54b677;7;q15
e0ffda50-97e7-4872-a467-cc143cbac8fc;9;q15
cb71d11a-4e8d-4ab8-80be-ac1f46f5b2d1;6;q15
cd3dad39-da3f-4ada-9e09-a9832ca7bdd7;9;q15
f3b94dcb-2dde-48d7-968d-606fcddd692d;7;q15
ddbc5616-edb8-4052-9186-6e105e4491f6;10;q15
a7788435-7465-4f4d-9f4f-d412db68b295;8;q15
080c468b-27c0-455c-aa63-b8f807f2e3d7;4;q16
0b0379c7-04db-4c85-84bd-a2bd55329e29;10;q16
0e623280-b28b-4d4a-8eea-0732f09ed497;9;q16
045dc0f3-a730-4d03-a615-f51814e5b04f;7;q16
092f2ee7-5281-4a09-9bce-e5523b95b53b;7;q16
19c0851c-cbb1-45b5-9e78-884b761802ac;5;q16
1a386158-d08c-40b1-9365-e758927d3352;6;q16
78e234a7-c15a-49e5-b38c-7fb47b294ca8;9;q16
1331586c-ee72-4fc1-b622-812f54a49f6c;7;q16
35913db6-2e1e-4028-a631-473241be215c;8;q16
31d15d10-ae4f-4527-9aba-c0f93d329cb2;8;q16
1e41998a-cda9-4b44-aa34-8bcde6752d0a;10;q16
7c390c81-d248-4099-9abc-7b787be98b47;9;q16
5f294260-b679-434f-8818-e09ecd02ae70;6;q16
76dad81c-1a4a-4153-9932-f03188b1ae25;6;q16
3cd5d4f2-97f1-418c-bc49-ff0c2a58c855;9;q16
10e9b324-156e-4eb5-aec5-04d8a4d7124c;2;q16
20ba7dbd-f51c-49ff-9bf2-a777cd6d13f8;7;q16
6167cd49-a021-4f3f-b29b-a7ed48b9d94f;9;q16
824afe21-5c5b-4e61-a556-75bef43196e9;8;q16
8330a755-ac13-444b-90ca-7ddc4f4f3992;9;q16
6ee3efea-f12c-4740-937a-62f34a53e2ec;9;q16
3931df86-6c91-45c8-ae55-dd3a1036647f;8;q16
60b7d252-ffba-432f-a243-8b0d5f81331d;9;q16
75b63c62-9473-4ddc-979f-66b8de0a3683;5;q16
518a2693-4f58-463e-ac2c-c5ce06d3c9fb;8;q16
8ebeb6f9-b48c-4067-a307-1da81fde67da;10;q16
7e80110b-c26c-43b1-8bc2-2515642420ad;7;q16
702da1cd-9691-4f0b-9ab9-020f9454d86b;8;q16
25602500-ca31-4404-b155-3e070652c2c0;5;q16
11cbc3a6-1c92-4f10-abe6-27def200d91d;5;q16
803144dd-8bb5-435e-94af-99bace5baf35;9;q16
780a59cc-70e6-4148-94c9-47bd1744cd5c;4;q16
3cd027c4-c9cf-475c-a678-769abe7e816a;10;q16
902d976c-f400-44ab-a0ac-198d94ba035a;5;q16
3d551ae7-9275-41b2-8270-260d730a6222;5;q16
42798e5c-9aa2-4efd-a370-5635018d4d81;7;q16
c65d2c31-227d-4750-af1a-1bfd6902d881;8;q16
4b737514-74b7-433a-9dde-ea224a6deeb9;10;q16
40d5e94f-2468-4f73-a0a0-e5a2c0443f06;6;q16
95897683-0e62-4f31-8575-77136b4ebebe;1;q16
6cd79452-c315-4dbe-93af-8c2077a67a56;8;q16
334df000-99c4-4ccd-b5b5-4b8cabdad476;5;q16
1537bb2d-2d89-4d66-b6c7-f3659b85403f;9;q16
b2a12ed0-6436-4cbc-b70d-d0a7ba0e0981;10;q16
e03a0573-ee71-4c91-a8ca-0b1eb82c1300;6;q16
ba818a91-0bf1-47d4-bc93-e5befe1c26e6;9;q16
d4a66c13-cd50-4171-8849-d52f0898a156;6;q16
ca6bae45-d4f7-4d52-bd43-e4d3542a6f93;6;q16
e5eccf62-17fb-4353-b886-e547a9699dd4;8;q16
f98ab946-62e2-4cb1-97a4-3301ccccba1b;9;q16
cb553655-ef6a-4f28-8271-131cdc9fc2ec;3;q16
ea3518ef-6655-4a33-bf76-337e21de5689;6;q16
f9cc1fc5-b439-4f4b-8257-0e5b2f47eb02;5;q16
ca55018f-21c4-41c2-b38f-b966fc3a8075;7;q16
a663330e-6e40-4813-b6f7-232aba1299eb;10;q16
be2f133c-eed1-4582-b8b8-d02aa1e594ad;7;q16
c9301569-631c-4d4d-aa30-2a65a5873029;6;q16
bac1cde8-4780-4edb-8062-46b1286d3f47;9;q16
ba4eba66-ab7c-4704-84e8-4218f019f196;6;q16
d0d86600-3649-4760-bb23-89f353e7d20b;6;q16
4f914c97-7283-4ed0-94f7-43bcc99e9e28;5;q16
9d832240-0310-4657-90c0-20525d24d766;7;q16
f6ae26b4-f319-4305-a6ca-9cdd8528695d;4;q16
f038ad7e-db1f-430f-8974-12c83a20eb8e;9;q16
f3b05d57-f280-41fc-a32d-d94647bade9a;8;q16
13e305ec-6c39-4b60-9cf1-5ddeae54b677;7;q16
e0ffda50-97e7-4872-a467-cc143cbac8fc;9;q16
cb71d11a-4e8d-4ab8-80be-ac1f46f5b2d1;6;q16
cd3dad39-da3f-4ada-9e09-a9832ca7bdd7;6;q16
f3b94dcb-2dde-48d7-968d-606fcddd692d;1;q16
ddbc5616-edb8-4052-9186-6e105e4491f6;10;q16
a7788435-7465-4f4d-9f4f-d412db68b295;7;q16
080c468b-27c0-455c-aa63-b8f807f2e3d7;8;q17
0b0379c7-04db-4c85-84bd-a2bd55329e29;10;q17
0e623280-b28b-4d4a-8eea-0732f09ed497;9;q17
045dc0f3-a730-4d03-a615-f51814e5b04f;7;q17
092f2ee7-5281-4a09-9bce-e5523b95b53b;7;q17
19c0851c-cbb1-45b5-9e78-884b761802ac;8;q17
1a386158-d08c-40b1-9365-e758927d3352;7;q17
78e234a7-c15a-49e5-b38c-7fb47b294ca8;10;q17
1331586c-ee72-4fc1-b622-812f54a49f6c;9;q17
35913db6-2e1e-4028-a631-473241be215c;7;q17
31d15d10-ae4f-4527-9aba-c0f93d329cb2;10;q17
1e41998a-cda9-4b44-aa34-8bcde6752d0a;10;q17
7c390c81-d248-4099-9abc-7b787be98b47;10;q17
5f294260-b679-434f-8818-e09ecd02ae70;10;q17
76dad81c-1a4a-4153-9932-f03188b1ae25;8;q17
3cd5d4f2-97f1-418c-bc49-ff0c2a58c855;9;q17
10e9b324-156e-4eb5-aec5-04d8a4d7124c;2;q17
20ba7dbd-f51c-49ff-9bf2-a777cd6d13f8;7;q17
6167cd49-a021-4f3f-b29b-a7ed48b9d94f;9;q17
824afe21-5c5b-4e61-a556-75bef43196e9;7;q17
8330a755-ac13-444b-90ca-7ddc4f4f3992;9;q17
6ee3efea-f12c-4740-937a-62f34a53e2ec;10;q17
3931df86-6c91-45c8-ae55-dd3a1036647f;9;q17
60b7d252-ffba-432f-a243-8b0d5f81331d;9;q17
75b63c62-9473-4ddc-979f-66b8de0a3683;6;q17
518a2693-4f58-463e-ac2c-c5ce06d3c9fb;8;q17
8ebeb6f9-b48c-4067-a307-1da81fde67da;10;q17
7e80110b-c26c-43b1-8bc2-2515642420ad;8;q17
702da1cd-9691-4f0b-9ab9-020f9454d86b;8;q17
25602500-ca31-4404-b155-3e070652c2c0;3;q17
11cbc3a6-1c92-4f10-abe6-27def200d91d;9;q17
803144dd-8bb5-435e-94af-99bace5baf35;8;q17
780a59cc-70e6-4148-94c9-47bd1744cd5c;10;q17
3cd027c4-c9cf-475c-a678-769abe7e816a;10;q17
902d976c-f400-44ab-a0ac-198d94ba035a;8;q17
3d551ae7-9275-41b2-8270-260d730a6222;5;q17
42798e5c-9aa2-4efd-a370-5635018d4d81;6;q17
c65d2c31-227d-4750-af1a-1bfd6902d881;9;q17
4b737514-74b7-433a-9dde-ea224a6deeb9;10;q17
40d5e94f-2468-4f73-a0a0-e5a2c0443f06;7;q17
95897683-0e62-4f31-8575-77136b4ebebe;1;q17
6cd79452-c315-4dbe-93af-8c2077a67a56;10;q17
334df000-99c4-4ccd-b5b5-4b8cabdad476;8;q17
1537bb2d-2d89-4d66-b6c7-f3659b85403f;9;q17
b2a12ed0-6436-4cbc-b70d-d0a7ba0e0981;10;q17
e03a0573-ee71-4c91-a8ca-0b1eb82c1300;7;q17
ba818a91-0bf1-47d4-bc93-e5befe1c26e6;8;q17
d4a66c13-cd50-4171-8849-d52f0898a156;6;q17
ca6bae45-d4f7-4d52-bd43-e4d3542a6f93;9;q17
e5eccf62-17fb-4353-b886-e547a9699dd4;10;q17
f98ab946-62e2-4cb1-97a4-3301ccccba1b;1;q17
cb553655-ef6a-4f28-8271-131cdc9fc2ec;5;q17
ea3518ef-6655-4a33-bf76-337e21de5689;8;q17
f9cc1fc5-b439-4f4b-8257-0e5b2f47eb02;10;q17
ca55018f-21c4-41c2-b38f-b966fc3a8075;7;q17
a663330e-6e40-4813-b6f7-232aba1299eb;10;q17
be2f133c-eed1-4582-b8b8-d02aa1e594ad;7;q17
c9301569-631c-4d4d-aa30-2a65a5873029;8;q17
bac1cde8-4780-4edb-8062-46b1286d3f47;7;q17
ba4eba66-ab7c-4704-84e8-4218f019f196;8;q17
d0d86600-3649-4760-bb23-89f353e7d20b;9;q17
4f914c97-7283-4ed0-94f7-43bcc99e9e28;7;q17
9d832240-0310-4657-90c0-20525d24d766;9;q17
f6ae26b4-f319-4305-a6ca-9cdd8528695d;10;q17
f038ad7e-db1f-430f-8974-12c83a20eb8e;10;q17
f3b05d57-f280-41fc-a32d-d94647bade9a;8;q17
13e305ec-6c39-4b60-9cf1-5ddeae54b677;8;q17
e0ffda50-97e7-4872-a467-cc143cbac8fc;10;q17
cb71d11a-4e8d-4ab8-80be-ac1f46f5b2d1;9;q17
cd3dad39-da3f-4ada-9e09-a9832ca7bdd7;10;q17
f3b94dcb-2dde-48d7-968d-606fcddd692d;5;q17
ddbc5616-edb8-4052-9186-6e105e4491f6;10;q17
a7788435-7465-4f4d-9f4f-d412db68b295;9;q17
080c468b-27c0-455c-aa63-b8f807f2e3d7;4;q18
0b0379c7-04db-4c85-84bd-a2bd55329e29;10;q18
0e623280-b28b-4d4a-8eea-0732f09ed497;8;q18
045dc0f3-a730-4d03-a615-f51814e5b04f;9;q18
092f2ee7-5281-4a09-9bce-e5523b95b53b;8;q18
19c0851c-cbb1-45b5-9e78-884b761802ac;7;q18
1a386158-d08c-40b1-9365-e758927d3352;7;q18
78e234a7-c15a-49e5-b38c-7fb47b294ca8;9;q18
1331586c-ee72-4fc1-b622-812f54a49f6c;9;q18
35913db6-2e1e-4028-a631-473241be215c;8;q18
31d15d10-ae4f-4527-9aba-c0f93d329cb2;9;q18
1e41998a-cda9-4b44-aa34-8bcde6752d0a;10;q18
7c390c81-d248-4099-9abc-7b787be98b47;9;q18
5f294260-b679-434f-8818-e09ecd02ae70;8;q18
76dad81c-1a4a-4153-9932-f03188b1ae25;8;q18
3cd5d4f2-97f1-418c-bc49-ff0c2a58c855;10;q18
10e9b324-156e-4eb5-aec5-04d8a4d7124c;3;q18
20ba7dbd-f51c-49ff-9bf2-a777cd6d13f8;5;q18
6167cd49-a021-4f3f-b29b-a7ed48b9d94f;9;q18
824afe21-5c5b-4e61-a556-75bef43196e9;9;q18
8330a755-ac13-444b-90ca-7ddc4f4f3992;8;q18
6ee3efea-f12c-4740-937a-62f34a53e2ec;7;q18
3931df86-6c91-45c8-ae55-dd3a1036647f;8;q18
60b7d252-ffba-432f-a243-8b0d5f81331d;8;q18
75b63c62-9473-4ddc-979f-66b8de0a3683;4;q18
518a2693-4f58-463e-ac2c-c5ce06d3c9fb;7;q18
8ebeb6f9-b48c-4067-a307-1da81fde67da;9;q18
7e80110b-c26c-43b1-8bc2-2515642420ad;7;q18
702da1cd-9691-4f0b-9ab9-020f9454d86b;8;q18
25602500-ca31-4404-b155-3e070652c2c0;4;q18
11cbc3a6-1c92-4f10-abe6-27def200d91d;5;q18
803144dd-8bb5-435e-94af-99bace5baf35;8;q18
780a59cc-70e6-4148-94c9-47bd1744cd5c;10;q18
3cd027c4-c9cf-475c-a678-769abe7e816a;10;q18
902d976c-f400-44ab-a0ac-198d94ba035a;8;q18
3d551ae7-9275-41b2-8270-260d730a6222;7;q18
42798e5c-9aa2-4efd-a370-5635018d4d81;10;q18
c65d2c31-227d-4750-af1a-1bfd6902d881;7;q18
4b737514-74b7-433a-9dde-ea224a6deeb9;5;q18
40d5e94f-2468-4f73-a0a0-e5a2c0443f06;5;q18
95897683-0e62-4f31-8575-77136b4ebebe;8;q18
6cd79452-c315-4dbe-93af-8c2077a67a56;7;q18
334df000-99c4-4ccd-b5b5-4b8cabdad476;4;q18
1537bb2d-2d89-4d66-b6c7-f3659b85403f;10;q18
b2a12ed0-6436-4cbc-b70d-d0a7ba0e0981;10;q18
e03a0573-ee71-4c91-a8ca-0b1eb82c1300;6;q18
ba818a91-0bf1-47d4-bc93-e5befe1c26e6;7;q18
d4a66c13-cd50-4171-8849-d52f0898a156;10;q18
ca6bae45-d4f7-4d52-bd43-e4d3542a6f93;7;q18
e5eccf62-17fb-4353-b886-e547a9699dd4;9;q18
f98ab946-62e2-4cb1-97a4-3301ccccba1b;1;q18
cb553655-ef6a-4f28-8271-131cdc9fc2ec;5;q18
ea3518ef-6655-4a33-bf76-337e21de5689;5;q18
f9cc1fc5-b439-4f4b-8257-0e5b2f47eb02;5;q18
ca55018f-21c4-41c2-b38f-b966fc3a8075;9;q18
a663330e-6e40-4813-b6f7-232aba1299eb;7;q18
be2f133c-eed1-4582-b8b8-d02aa1e594ad;9;q18
c9301569-631c-4d4d-aa30-2a65a5873029;7;q18
bac1cde8-4780-4edb-8062-46b1286d3f47;10;q18
ba4eba66-ab7c-4704-84e8-4218f019f196;5;q18
d0d86600-3649-4760-bb23-89f353e7d20b;9;q18
4f914c97-7283-4ed0-94f7-43bcc99e9e28;6;q18
9d832240-0310-4657-90c0-20525d24d766;9;q18
f6ae26b4-f319-4305-a6ca-9cdd8528695d;4;q18
f038ad7e-db1f-430f-8974-12c83a20eb8e;10;q18
f3b05d57-f280-41fc-a32d-d94647bade9a;5;q18
13e305ec-6c39-4b60-9cf1-5ddeae54b677;7;q18
e0ffda50-97e7-4872-a467-cc143cbac8fc;8;q18
cb71d11a-4e8d-4ab8-80be-ac1f46f5b2d1;6;q18
cd3dad39-da3f-4ada-9e09-a9832ca7bdd7;8;q18
f3b94dcb-2dde-48d7-968d-606fcddd692d;8;q18
ddbc5616-edb8-4052-9186-6e105e4491f6;10;q18
a7788435-7465-4f4d-9f4f-d412db68b295;9;q18
080c468b-27c0-455c-aa63-b8f807f2e3d7;6;q19
0b0379c7-04db-4c85-84bd-a2bd55329e29;10;q19
0e623280-b28b-4d4a-8eea-0732f09ed497;10;q19
045dc0f3-a730-4d03-a615-f51814e5b04f;10;q19
092f2ee7-5281-4a09-9bce-e5523b95b53b;8;q19
19c0851c-cbb1-45b5-9e78-884b761802ac;7;q19
1a386158-d08c-40b1-9365-e758927d3352;7;q19
78e234a7-c15a-49e5-b38c-7fb47b294ca8;9;q19
1331586c-ee72-4fc1-b622-812f54a49f6c;9;q19
35913db6-2e1e-4028-a631-473241be215c;6;q19
31d15d10-ae4f-4527-9aba-c0f93d329cb2;9;q19
1e41998a-cda9-4b44-aa34-8bcde6752d0a;10;q19
7c390c81-d248-4099-9abc-7b787be98b47;9;q19
5f294260-b679-434f-8818-e09ecd02ae70;7;q19
76dad81c-1a4a-4153-9932-f03188b1ae25;9;q19
3cd5d4f2-97f1-418c-bc49-ff0c2a58c855;8;q19
10e9b324-156e-4eb5-aec5-04d8a4d7124c;1;q19
20ba7dbd-f51c-49ff-9bf2-a777cd6d13f8;6;q19
6167cd49-a021-4f3f-b29b-a7ed48b9d94f;9;q19
824afe21-5c5b-4e61-a556-75bef43196e9;10;q19
8330a755-ac13-444b-90ca-7ddc4f4f3992;8;q19
6ee3efea-f12c-4740-937a-62f34a53e2ec;9;q19
3931df86-6c91-45c8-ae55-dd3a1036647f;10;q19
60b7d252-ffba-432f-a243-8b0d5f81331d;9;q19
75b63c62-9473-4ddc-979f-66b8de0a3683;3;q19
518a2693-4f58-463e-ac2c-c5ce06d3c9fb;10;q19
8ebeb6f9-b48c-4067-a307-1da81fde67da;7;q19
7e80110b-c26c-43b1-8bc2-2515642420ad;9;q19
702da1cd-9691-4f0b-9ab9-020f9454d86b;8;q19
25602500-ca31-4404-b155-3e070652c2c0;5;q19
11cbc3a6-1c92-4f10-abe6-27def200d91d;5;q19
803144dd-8bb5-435e-94af-99bace5baf35;5;q19
780a59cc-70e6-4148-94c9-47bd1744cd5c;7;q19
3cd027c4-c9cf-475c-a678-769abe7e816a;8;q19
902d976c-f400-44ab-a0ac-198d94ba035a;7;q19
3d551ae7-9275-41b2-8270-260d730a6222;5;q19
42798e5c-9aa2-4efd-a370-5635018d4d81;8;q19
c65d2c31-227d-4750-af1a-1bfd6902d881;8;q19
4b737514-74b7-433a-9dde-ea224a6deeb9;10;q19
40d5e94f-2468-4f73-a0a0-e5a2c0443f06;6;q19
95897683-0e62-4f31-8575-77136b4ebebe;1;q19
6cd79452-c315-4dbe-93af-8c2077a67a56;10;q19
334df000-99c4-4ccd-b5b5-4b8cabdad476;6;q19
1537bb2d-2d89-4d66-b6c7-f3659b85403f;10;q19
b2a12ed0-6436-4cbc-b70d-d0a7ba0e0981;10;q19
e03a0573-ee71-4c91-a8ca-0b1eb82c1300;7;q19
ba818a91-0bf1-47d4-bc93-e5befe1c26e6;9;q19
d4a66c13-cd50-4171-8849-d52f0898a156;6;q19
ca6bae45-d4f7-4d52-bd43-e4d3542a6f93;7;q19
e5eccf62-17fb-4353-b886-e547a9699dd4;9;q19
f98ab946-62e2-4cb1-97a4-3301ccccba1b;2;q19
cb553655-ef6a-4f28-8271-131cdc9fc2ec;1;q19
ea3518ef-6655-4a33-bf76-337e21de5689;8;q19
f9cc1fc5-b439-4f4b-8257-0e5b2f47eb02;6;q19
ca55018f-21c4-41c2-b38f-b966fc3a8075;7;q19
a663330e-6e40-4813-b6f7-232aba1299eb;8;q19
be2f133c-eed1-4582-b8b8-d02aa1e594ad;9;q19
c9301569-631c-4d4d-aa30-2a65a5873029;8;q19
bac1cde8-4780-4edb-8062-46b1286d3f47;7;q19
ba4eba66-ab7c-4704-84e8-4218f019f196;8;q19
d0d86600-3649-4760-bb23-89f353e7d20b;3;q19
4f914c97-7283-4ed0-94f7-43bcc99e9e28;4;q19
9d832240-0310-4657-90c0-20525d24d766;10;q19
f6ae26b4-f319-4305-a6ca-9cdd8528695d;8;q19
f038ad7e-db1f-430f-8974-12c83a20eb8e;10;q19
f3b05d57-f280-41fc-a32d-d94647bade9a;7;q19
13e305ec-6c39-4b60-9cf1-5ddeae54b677;8;q19
e0ffda50-97e7-4872-a467-cc143cbac8fc;8;q19
cb71d11a-4e8d-4ab8-80be-ac1f46f5b2d1;7;q19
cd3dad39-da3f-4ada-9e09-a9832ca7bdd7;10;q19
f3b94dcb-2dde-48d7-968d-606fcddd692d;6;q19
ddbc5616-edb8-4052-9186-6e105e4491f6;10;q19
a7788435-7465-4f4d-9f4f-d412db68b295;8;q19
080c468b-27c0-455c-aa63-b8f807f2e3d7;5;q20
0b0379c7-04db-4c85-84bd-a2bd55329e29;10;q20
0e623280-b28b-4d4a-8eea-0732f09ed497;10;q20
045dc0f3-a730-4d03-a615-f51814e5b04f;8;q20
092f2ee7-5281-4a09-9bce-e5523b95b53b;8;q20
19c0851c-cbb1-45b5-9e78-884b761802ac;7;q20
1a386158-d08c-40b1-9365-e758927d3352;6;q20
78e234a7-c15a-49e5-b38c-7fb47b294ca8;9;q20
1331586c-ee72-4fc1-b622-812f54a49f6c;9;q20
35913db6-2e1e-4028-a631-473241be215c;6;q20
31d15d10-ae4f-4527-9aba-c0f93d329cb2;9;q20
1e41998a-cda9-4b44-aa34-8bcde6752d0a;10;q20
7c390c81-d248-4099-9abc-7b787be98b47;8;q20
5f294260-b679-434f-8818-e09ecd02ae70;8;q20
76dad81c-1a4a-4153-9932-f03188b1ae25;9;q20
3cd5d4f2-97f1-418c-bc49-ff0c2a58c855;8;q20
10e9b324-156e-4eb5-aec5-04d8a4d7124c;1;q20
20ba7dbd-f51c-49ff-9bf2-a777cd6d13f8;7;q20
6167cd49-a021-4f3f-b29b-a7ed48b9d94f;9;q20
824afe21-5c5b-4e61-a556-75bef43196e9;7;q20
8330a755-ac13-444b-90ca-7ddc4f4f3992;10;q20
6ee3efea-f12c-4740-937a-62f34a53e2ec;8;q20
3931df86-6c91-45c8-ae55-dd3a1036647f;8;q20
60b7d252-ffba-432f-a243-8b0d5f81331d;9;q20
75b63c62-9473-4ddc-979f-66b8de0a3683;3;q20
518a2693-4f58-463e-ac2c-c5ce06d3c9fb;7;q20
8ebeb6f9-b48c-4067-a307-1da81fde67da;7;q20
7e80110b-c26c-43b1-8bc2-2515642420ad;9;q20
702da1cd-9691-4f0b-9ab9-020f9454d86b;8;q20
25602500-ca31-4404-b155-3e070652c2c0;6;q20
11cbc3a6-1c92-4f10-abe6-27def200d91d;5;q20
803144dd-8bb5-435e-94af-99bace5baf35;8;q20
780a59cc-70e6-4148-94c9-47bd1744cd5c;9;q20
3cd027c4-c9cf-475c-a678-769abe7e816a;8;q20
902d976c-f400-44ab-a0ac-198d94ba035a;6;q20
3d551ae7-9275-41b2-8270-260d730a6222;5;q20
42798e5c-9aa2-4efd-a370-5635018d4d81;7;q20
c65d2c31-227d-4750-af1a-1bfd6902d881;9;q20
4b737514-74b7-433a-9dde-ea224a6deeb9;10;q20
40d5e94f-2468-4f73-a0a0-e5a2c0443f06;6;q20
95897683-0e62-4f31-8575-77136b4ebebe;1;q20
6cd79452-c315-4dbe-93af-8c2077a67a56;9;q20
334df000-99c4-4ccd-b5b5-4b8cabdad476;4;q20
1537bb2d-2d89-4d66-b6c7-f3659b85403f;10;q20
b2a12ed0-6436-4cbc-b70d-d0a7ba0e0981;10;q20
e03a0573-ee71-4c91-a8ca-0b1eb82c1300;5;q20
ba818a91-0bf1-47d4-bc93-e5befe1c26e6;9;q20
d4a66c13-cd50-4171-8849-d52f0898a156;7;q20
ca6bae45-d4f7-4d52-bd43-e4d3542a6f93;7;q20
e5eccf62-17fb-4353-b886-e547a9699dd4;9;q20
f98ab946-62e2-4cb1-97a4-3301ccccba1b;2;q20
cb553655-ef6a-4f28-8271-131cdc9fc2ec;8;q20
ea3518ef-6655-4a33-bf76-337e21de5689;8;q20
f9cc1fc5-b439-4f4b-8257-0e5b2f47eb02;6;q20
ca55018f-21c4-41c2-b38f-b966fc3a8075;7;q20
a663330e-6e40-4813-b6f7-232aba1299eb;9;q20
be2f133c-eed1-4582-b8b8-d02aa1e594ad;9;q20
c9301569-631c-4d4d-aa30-2a65a5873029;9;q20
bac1cde8-4780-4edb-8062-46b1286d3f47;7;q20
ba4eba66-ab7c-4704-84e8-4218f019f196;8;q20
d0d86600-3649-4760-bb23-89f353e7d20b;3;q20
4f914c97-7283-4ed0-94f7-43bcc99e9e28;4;q20
9d832240-0310-4657-90c0-20525d24d766;9;q20
f6ae26b4-f319-4305-a6ca-9cdd8528695d;8;q20
f038ad7e-db1f-430f-8974-12c83a20eb8e;10;q20
f3b05d57-f280-41fc-a32d-d94647bade9a;4;q20
13e305ec-6c39-4b60-9cf1-5ddeae54b677;9;q20
e0ffda50-97e7-4872-a467-cc143cbac8fc;9;q20
cb71d11a-4e8d-4ab8-80be-ac1f46f5b2d1;8;q20
cd3dad39-da3f-4ada-9e09-a9832ca7bdd7;9;q20
f3b94dcb-2dde-48d7-968d-606fcddd692d;5;q20
ddbc5616-edb8-4052-9186-6e105e4491f6;10;q20
a7788435-7465-4f4d-9f4f-d412db68b295;7;q20
080c468b-27c0-455c-aa63-b8f807f2e3d7;6;q21
0b0379c7-04db-4c85-84bd-a2bd55329e29;10;q21
0e623280-b28b-4d4a-8eea-0732f09ed497;10;q21
045dc0f3-a730-4d03-a615-f51814e5b04f;8;q21
092f2ee7-5281-4a09-9bce-e5523b95b53b;9;q21
19c0851c-cbb1-45b5-9e78-884b761802ac;8;q21
1a386158-d08c-40b1-9365-e758927d3352;8;q21
78e234a7-c15a-49e5-b38c-7fb47b294ca8;10;q21
1331586c-ee72-4fc1-b622-812f54a49f6c;9;q21
35913db6-2e1e-4028-a631-473241be215c;7;q21
31d15d10-ae4f-4527-9aba-c0f93d329cb2;9;q21
1e41998a-cda9-4b44-aa34-8bcde6752d0a;10;q21
7c390c81-d248-4099-9abc-7b787be98b47;9;q21
5f294260-b679-434f-8818-e09ecd02ae70;9;q21
76dad81c-1a4a-4153-9932-f03188b1ae25;10;q21
3cd5d4f2-97f1-418c-bc49-ff0c2a58c855;7;q21
10e9b324-156e-4eb5-aec5-04d8a4d7124c;3;q21
20ba7dbd-f51c-49ff-9bf2-a777cd6d13f8;8;q21
6167cd49-a021-4f3f-b29b-a7ed48b9d94f;9;q21
824afe21-5c5b-4e61-a556-75bef43196e9;8;q21
8330a755-ac13-444b-90ca-7ddc4f4f3992;10;q21
6ee3efea-f12c-4740-937a-62f34a53e2ec;9;q21
3931df86-6c91-45c8-ae55-dd3a1036647f;8;q21
60b7d252-ffba-432f-a243-8b0d5f81331d;9;q21
75b63c62-9473-4ddc-979f-66b8de0a3683;2;q21
518a2693-4f58-463e-ac2c-c5ce06d3c9fb;8;q21
8ebeb6f9-b48c-4067-a307-1da81fde67da;10;q21
7e80110b-c26c-43b1-8bc2-2515642420ad;8;q21
702da1cd-9691-4f0b-9ab9-020f9454d86b;8;q21
25602500-ca31-4404-b155-3e070652c2c0;4;q21
11cbc3a6-1c92-4f10-abe6-27def200d91d;8;q21
803144dd-8bb5-435e-94af-99bace5baf35;5;q21
780a59cc-70e6-4148-94c9-47bd1744cd5c;9;q21
3cd027c4-c9cf-475c-a678-769abe7e816a;10;q21
902d976c-f400-44ab-a0ac-198d94ba035a;6;q21
3d551ae7-9275-41b2-8270-260d730a6222;3;q21
42798e5c-9aa2-4efd-a370-5635018d4d81;8;q21
c65d2c31-227d-4750-af1a-1bfd6902d881;8;q21
4b737514-74b7-433a-9dde-ea224a6deeb9;1;q21
40d5e94f-2468-4f73-a0a0-e5a2c0443f06;6;q21
95897683-0e62-4f31-8575-77136b4ebebe;1;q21
6cd79452-c315-4dbe-93af-8c2077a67a56;8;q21
334df000-99c4-4ccd-b5b5-4b8cabdad476;4;q21
1537bb2d-2d89-4d66-b6c7-f3659b85403f;8;q21
b2a12ed0-6436-4cbc-b70d-d0a7ba0e0981;10;q21
e03a0573-ee71-4c91-a8ca-0b1eb82c1300;1;q21
ba818a91-0bf1-47d4-bc93-e5befe1c26e6;9;q21
d4a66c13-cd50-4171-8849-d52f0898a156;7;q21
ca6bae45-d4f7-4d52-bd43-e4d3542a6f93;7;q21
e5eccf62-17fb-4353-b886-e547a9699dd4;9;q21
f98ab946-62e2-4cb1-97a4-3301ccccba1b;1;q21
cb553655-ef6a-4f28-8271-131cdc9fc2ec;8;q21
ea3518ef-6655-4a33-bf76-337e21de5689;8;q21
f9cc1fc5-b439-4f4b-8257-0e5b2f47eb02;8;q21
ca55018f-21c4-41c2-b38f-b966fc3a8075;10;q21
a663330e-6e40-4813-b6f7-232aba1299eb;8;q21
be2f133c-eed1-4582-b8b8-d02aa1e594ad;9;q21
c9301569-631c-4d4d-aa30-2a65a5873029;9;q21
bac1cde8-4780-4edb-8062-46b1286d3f47;9;q21
ba4eba66-ab7c-4704-84e8-4218f019f196;9;q21
d0d86600-3649-4760-bb23-89f353e7d20b;5;q21
4f914c97-7283-4ed0-94f7-43bcc99e9e28;9;q21
9d832240-0310-4657-90c0-20525d24d766;10;q21
f6ae26b4-f319-4305-a6ca-9cdd8528695d;7;q21
f038ad7e-db1f-430f-8974-12c83a20eb8e;10;q21
f3b05d57-f280-41fc-a32d-d94647bade9a;7;q21
13e305ec-6c39-4b60-9cf1-5ddeae54b677;7;q21
e0ffda50-97e7-4872-a467-cc143cbac8fc;9;q21
cb71d11a-4e8d-4ab8-80be-ac1f46f5b2d1;8;q21
cd3dad39-da3f-4ada-9e09-a9832ca7bdd7;9;q21
f3b94dcb-2dde-48d7-968d-606fcddd692d;8;q21
ddbc5616-edb8-4052-9186-6e105e4491f6;10;q21
a7788435-7465-4f4d-9f4f-d412db68b295;5;q21
080c468b-27c0-455c-aa63-b8f807f2e3d7;6;q22
0b0379c7-04db-4c85-84bd-a2bd55329e29;10;q22
0e623280-b28b-4d4a-8eea-0732f09ed497;10;q22
045dc0f3-a730-4d03-a615-f51814e5b04f;10;q22
092f2ee7-5281-4a09-9bce-e5523b95b53b;9;q22
19c0851c-cbb1-45b5-9e78-884b761802ac;6;q22
1a386158-d08c-40b1-9365-e758927d3352;7;q22
78e234a7-c15a-49e5-b38c-7fb47b294ca8;10;q22
1331586c-ee72-4fc1-b622-812f54a49f6c;9;q22
35913db6-2e1e-4028-a631-473241be215c;6;q22
31d15d10-ae4f-4527-9aba-c0f93d329cb2;8;q22
1e41998a-cda9-4b44-aa34-8bcde6752d0a;10;q22
7c390c81-d248-4099-9abc-7b787be98b47;8;q22
5f294260-b679-434f-8818-e09ecd02ae70;9;q22
76dad81c-1a4a-4153-9932-f03188b1ae25;10;q22
3cd5d4f2-97f1-418c-bc49-ff0c2a58c855;8;q22
10e9b324-156e-4eb5-aec5-04d8a4d7124c;1;q22
20ba7dbd-f51c-49ff-9bf2-a777cd6d13f8;8;q22
6167cd49-a021-4f3f-b29b-a7ed48b9d94f;9;q22
824afe21-5c5b-4e61-a556-75bef43196e9;8;q22
8330a755-ac13-444b-90ca-7ddc4f4f3992;9;q22
6ee3efea-f12c-4740-937a-62f34a53e2ec;8;q22
3931df86-6c91-45c8-ae55-dd3a1036647f;8;q22
60b7d252-ffba-432f-a243-8b0d5f81331d;9;q22
75b63c62-9473-4ddc-979f-66b8de0a3683;1;q22
518a2693-4f58-463e-ac2c-c5ce06d3c9fb;8;q22
8ebeb6f9-b48c-4067-a307-1da81fde67da;10;q22
7e80110b-c26c-43b1-8bc2-2515642420ad;8;q22
702da1cd-9691-4f0b-9ab9-020f9454d86b;8;q22
25602500-ca31-4404-b155-3e070652c2c0;5;q22
11cbc3a6-1c92-4f10-abe6-27def200d91d;6;q22
803144dd-8bb5-435e-94af-99bace5baf35;9;q22
780a59cc-70e6-4148-94c9-47bd1744cd5c;9;q22
3cd027c4-c9cf-475c-a678-769abe7e816a;10;q22
902d976c-f400-44ab-a0ac-198d94ba035a;7;q22
3d551ae7-9275-41b2-8270-260d730a6222;5;q22
42798e5c-9aa2-4efd-a370-5635018d4d81;9;q22
c65d2c31-227d-4750-af1a-1bfd6902d881;9;q22
4b737514-74b7-433a-9dde-ea224a6deeb9;10;q22
40d5e94f-2468-4f73-a0a0-e5a2c0443f06;7;q22
95897683-0e62-4f31-8575-77136b4ebebe;1;q22
6cd79452-c315-4dbe-93af-8c2077a67a56;10;q22
334df000-99c4-4ccd-b5b5-4b8cabdad476;7;q22
1537bb2d-2d89-4d66-b6c7-f3659b85403f;9;q22
b2a12ed0-6436-4cbc-b70d-d0a7ba0e0981;10;q22
e03a0573-ee71-4c91-a8ca-0b1eb82c1300;3;q22
ba818a91-0bf1-47d4-bc93-e5befe1c26e6;8;q22
d4a66c13-cd50-4171-8849-d52f0898a156;7;q22
ca6bae45-d4f7-4d52-bd43-e4d3542a6f93;8;q22
e5eccf62-17fb-4353-b886-e547a9699dd4;10;q22
f98ab946-62e2-4cb1-97a4-3301ccccba1b;1;q22
cb553655-ef6a-4f28-8271-131cdc9fc2ec;8;q22
ea3518ef-6655-4a33-bf76-337e21de5689;8;q22
f9cc1fc5-b439-4f4b-8257-0e5b2f47eb02;7;q22
ca55018f-21c4-41c2-b38f-b966fc3a8075;8;q22
a663330e-6e40-4813-b6f7-232aba1299eb;10;q22
be2f133c-eed1-4582-b8b8-d02aa1e594ad;9;q22
c9301569-631c-4d4d-aa30-2a65a5873029;8;q22
bac1cde8-4780-4edb-8062-46b1286d3f47;8;q22
ba4eba66-ab7c-4704-84e8-4218f019f196;9;q22
d0d86600-3649-4760-bb23-89f353e7d20b;8;q22
4f914c97-7283-4ed0-94f7-43bcc99e9e28;7;q22
9d832240-0310-4657-90c0-20525d24d766;7;q22
f6ae26b4-f319-4305-a6ca-9cdd8528695d;9;q22
f038ad7e-db1f-430f-8974-12c83a20eb8e;10;q22
f3b05d57-f280-41fc-a32d-d94647bade9a;6;q22
13e305ec-6c39-4b60-9cf1-5ddeae54b677;8;q22
e0ffda50-97e7-4872-a467-cc143cbac8fc;9;q22
cb71d11a-4e8d-4ab8-80be-ac1f46f5b2d1;9;q22
cd3dad39-da3f-4ada-9e09-a9832ca7bdd7;8;q22
f3b94dcb-2dde-48d7-968d-606fcddd692d;6;q22
ddbc5616-edb8-4052-9186-6e105e4491f6;10;q22
a7788435-7465-4f4d-9f4f-d412db68b295;7;q22
080c468b-27c0-455c-aa63-b8f807f2e3d7;5;q23
0b0379c7-04db-4c85-84bd-a2bd55329e29;10;q23
0e623280-b28b-4d4a-8eea-0732f09ed497;9;q23
045dc0f3-a730-4d03-a615-f51814e5b04f;10;q23
092f2ee7-5281-4a09-9bce-e5523b95b53b;10;q23
19c0851c-cbb1-45b5-9e78-884b761802ac;10;q23
1a386158-d08c-40b1-9365-e758927d3352;5;q23
78e234a7-c15a-49e5-b38c-7fb47b294ca8;2;q23
1331586c-ee72-4fc1-b622-812f54a49f6c;9;q23
35913db6-2e1e-4028-a631-473241be215c;7;q23
31d15d10-ae4f-4527-9aba-c0f93d329cb2;9;q23
1e41998a-cda9-4b44-aa34-8bcde6752d0a;10;q23
7c390c81-d248-4099-9abc-7b787be98b47;10;q23
5f294260-b679-434f-8818-e09ecd02ae70;10;q23
76dad81c-1a4a-4153-9932-f03188b1ae25;10;q23
3cd5d4f2-97f1-418c-bc49-ff0c2a58c855;9;q23
10e9b324-156e-4eb5-aec5-04d8a4d7124c;4;q23
20ba7dbd-f51c-49ff-9bf2-a777cd6d13f8;7;q23
6167cd49-a021-4f3f-b29b-a7ed48b9d94f;7;q23
824afe21-5c5b-4e61-a556-75bef43196e9;7;q23
8330a755-ac13-444b-90ca-7ddc4f4f3992;8;q23
6ee3efea-f12c-4740-937a-62f34a53e2ec;8;q23
3931df86-6c91-45c8-ae55-dd3a1036647f;9;q23
60b7d252-ffba-432f-a243-8b0d5f81331d;9;q23
75b63c62-9473-4ddc-979f-66b8de0a3683;1;q23
518a2693-4f58-463e-ac2c-c5ce06d3c9fb;10;q23
8ebeb6f9-b48c-4067-a307-1da81fde67da;7;q23
7e80110b-c26c-43b1-8bc2-2515642420ad;8;q23
702da1cd-9691-4f0b-9ab9-020f9454d86b;8;q23
25602500-ca31-4404-b155-3e070652c2c0;6;q23
11cbc3a6-1c92-4f10-abe6-27def200d91d;6;q23
803144dd-8bb5-435e-94af-99bace5baf35;9;q23
780a59cc-70e6-4148-94c9-47bd1744cd5c;7;q23
3cd027c4-c9cf-475c-a678-769abe7e816a;10;q23
902d976c-f400-44ab-a0ac-198d94ba035a;8;q23
3d551ae7-9275-41b2-8270-260d730a6222;3;q23
42798e5c-9aa2-4efd-a370-5635018d4d81;6;q23
c65d2c31-227d-4750-af1a-1bfd6902d881;7;q23
4b737514-74b7-433a-9dde-ea224a6deeb9;10;q23
40d5e94f-2468-4f73-a0a0-e5a2c0443f06;7;q23
95897683-0e62-4f31-8575-77136b4ebebe;1;q23
6cd79452-c315-4dbe-93af-8c2077a67a56;10;q23
334df000-99c4-4ccd-b5b5-4b8cabdad476;9;q23
1537bb2d-2d89-4d66-b6c7-f3659b85403f;10;q23
b2a12ed0-6436-4cbc-b70d-d0a7ba0e0981;10;q23
e03a0573-ee71-4c91-a8ca-0b1eb82c1300;7;q23
ba818a91-0bf1-47d4-bc93-e5befe1c26e6;8;q23
d4a66c13-cd50-4171-8849-d52f0898a156;7;q23
ca6bae45-d4f7-4d52-bd43-e4d3542a6f93;5;q23
e5eccf62-17fb-4353-b886-e547a9699dd4;8;q23
f98ab946-62e2-4cb1-97a4-3301ccccba1b;2;q23
cb553655-ef6a-4f28-8271-131cdc9fc2ec;5;q23
ea3518ef-6655-4a33-bf76-337e21de5689;9;q23
f9cc1fc5-b439-4f4b-8257-0e5b2f47eb02;6;q23
ca55018f-21c4-41c2-b38f-b966fc3a8075;9;q23
a663330e-6e40-4813-b6f7-232aba1299eb;10;q23
be2f133c-eed1-4582-b8b8-d02aa1e594ad;8;q23
c9301569-631c-4d4d-aa30-2a65a5873029;6;q23
bac1cde8-4780-4edb-8062-46b1286d3f47;10;q23
ba4eba66-ab7c-4704-84e8-4218f019f196;8;q23
d0d86600-3649-4760-bb23-89f353e7d20b;10;q23
4f914c97-7283-4ed0-94f7-43bcc99e9e28;5;q23
9d832240-0310-4657-90c0-20525d24d766;9;q23
f6ae26b4-f319-4305-a6ca-9cdd8528695d;9;q23
f038ad7e-db1f-430f-8974-12c83a20eb8e;10;q23
f3b05d57-f280-41fc-a32d-d94647bade9a;5;q23
13e305ec-6c39-4b60-9cf1-5ddeae54b677;7;q23
e0ffda50-97e7-4872-a467-cc143cbac8fc;10;q23
cb71d11a-4e8d-4ab8-80be-ac1f46f5b2d1;5;q23
cd3dad39-da3f-4ada-9e09-a9832ca7bdd7;6;q23
f3b94dcb-2dde-48d7-968d-606fcddd692d;1;q23
ddbc5616-edb8-4052-9186-6e105e4491f6;10;q23
a7788435-7465-4f4d-9f4f-d412db68b295;10;q23
080c468b-27c0-455c-aa63-b8f807f2e3d7;2;q24
0b0379c7-04db-4c85-84bd-a2bd55329e29;10;q24
0e623280-b28b-4d4a-8eea-0732f09ed497;9;q24
045dc0f3-a730-4d03-a615-f51814e5b04f;8;q24
092f2ee7-5281-4a09-9bce-e5523b95b53b;10;q24
19c0851c-cbb1-45b5-9e78-884b761802ac;10;q24
1a386158-d08c-40b1-9365-e758927d3352;6;q24
78e234a7-c15a-49e5-b38c-7fb47b294ca8;8;q24
1331586c-ee72-4fc1-b622-812f54a49f6c;9;q24
35913db6-2e1e-4028-a631-473241be215c;6;q24
31d15d10-ae4f-4527-9aba-c0f93d329cb2;10;q24
1e41998a-cda9-4b44-aa34-8bcde6752d0a;10;q24
7c390c81-d248-4099-9abc-7b787be98b47;8;q24
5f294260-b679-434f-8818-e09ecd02ae70;10;q24
76dad81c-1a4a-4153-9932-f03188b1ae25;10;q24
3cd5d4f2-97f1-418c-bc49-ff0c2a58c855;8;q24
10e9b324-156e-4eb5-aec5-04d8a4d7124c;4;q24
20ba7dbd-f51c-49ff-9bf2-a777cd6d13f8;7;q24
6167cd49-a021-4f3f-b29b-a7ed48b9d94f;8;q24
824afe21-5c5b-4e61-a556-75bef43196e9;7;q24
8330a755-ac13-444b-90ca-7ddc4f4f3992;8;q24
6ee3efea-f12c-4740-937a-62f34a53e2ec;10;q24
3931df86-6c91-45c8-ae55-dd3a1036647f;8;q24
60b7d252-ffba-432f-a243-8b0d5f81331d;9;q24
75b63c62-9473-4ddc-979f-66b8de0a3683;2;q24
518a2693-4f58-463e-ac2c-c5ce06d3c9fb;8;q24
8ebeb6f9-b48c-4067-a307-1da81fde67da;7;q24
7e80110b-c26c-43b1-8bc2-2515642420ad;8;q24
702da1cd-9691-4f0b-9ab9-020f9454d86b;8;q24
25602500-ca31-4404-b155-3e070652c2c0;6;q24
11cbc3a6-1c92-4f10-abe6-27def200d91d;4;q24
803144dd-8bb5-435e-94af-99bace5baf35;9;q24
780a59cc-70e6-4148-94c9-47bd1744cd5c;7;q24
3cd027c4-c9cf-475c-a678-769abe7e816a;10;q24
902d976c-f400-44ab-a0ac-198d94ba035a;6;q24
3d551ae7-9275-41b2-8270-260d730a6222;3;q24
42798e5c-9aa2-4efd-a370-5635018d4d81;8;q24
c65d2c31-227d-4750-af1a-1bfd6902d881;7;q24
4b737514-74b7-433a-9dde-ea224a6deeb9;10;q24
40d5e94f-2468-4f73-a0a0-e5a2c0443f06;6;q24
95897683-0e62-4f31-8575-77136b4ebebe;7;q24
6cd79452-c315-4dbe-93af-8c2077a67a56;8;q24
334df000-99c4-4ccd-b5b5-4b8cabdad476;8;q24
1537bb2d-2d89-4d66-b6c7-f3659b85403f;9;q24
b2a12ed0-6436-4cbc-b70d-d0a7ba0e0981;10;q24
e03a0573-ee71-4c91-a8ca-0b1eb82c1300;7;q24
ba818a91-0bf1-47d4-bc93-e5befe1c26e6;8;q24
d4a66c13-cd50-4171-8849-d52f0898a156;7;q24
ca6bae45-d4f7-4d52-bd43-e4d3542a6f93;6;q24
e5eccf62-17fb-4353-b886-e547a9699dd4;10;q24
f98ab946-62e2-4cb1-97a4-3301ccccba1b;2;q24
cb553655-ef6a-4f28-8271-131cdc9fc2ec;1;q24
ea3518ef-6655-4a33-bf76-337e21de5689;8;q24
f9cc1fc5-b439-4f4b-8257-0e5b2f47eb02;9;q24
ca55018f-21c4-41c2-b38f-b966fc3a8075;8;q24
a663330e-6e40-4813-b6f7-232aba1299eb;7;q24
be2f133c-eed1-4582-b8b8-d02aa1e594ad;8;q24
c9301569-631c-4d4d-aa30-2a65a5873029;6;q24
bac1cde8-4780-4edb-8062-46b1286d3f47;7;q24
ba4eba66-ab7c-4704-84e8-4218f019f196;8;q24
d0d86600-3649-4760-bb23-89f353e7d20b;10;q24
4f914c97-7283-4ed0-94f7-43bcc99e9e28;5;q24
9d832240-0310-4657-90c0-20525d24d766;7;q24
f6ae26b4-f319-4305-a6ca-9cdd8528695d;9;q24
f038ad7e-db1f-430f-8974-12c83a20eb8e;10;q24
f3b05d57-f280-41fc-a32d-d94647bade9a;8;q24
13e305ec-6c39-4b60-9cf1-5ddeae54b677;6;q24
e0ffda50-97e7-4872-a467-cc143cbac8fc;10;q24
cb71d11a-4e8d-4ab8-80be-ac1f46f5b2d1;5;q24
cd3dad39-da3f-4ada-9e09-a9832ca7bdd7;7;q24
f3b94dcb-2dde-48d7-968d-606fcddd692d;1;q24
ddbc5616-edb8-4052-9186-6e105e4491f6;10;q24
a7788435-7465-4f4d-9f4f-d412db68b295;10;q24
080c468b-27c0-455c-aa63-b8f807f2e3d7;5;q25
0b0379c7-04db-4c85-84bd-a2bd55329e29;9;q25
0e623280-b28b-4d4a-8eea-0732f09ed497;8;q25
045dc0f3-a730-4d03-a615-f51814e5b04f;10;q25
092f2ee7-5281-4a09-9bce-e5523b95b53b;10;q25
19c0851c-cbb1-45b5-9e78-884b761802ac;10;q25
1a386158-d08c-40b1-9365-e758927d3352;8;q25
78e234a7-c15a-49e5-b38c-7fb47b294ca8;8;q25
1331586c-ee72-4fc1-b622-812f54a49f6c;9;q25
35913db6-2e1e-4028-a631-473241be215c;6;q25
31d15d10-ae4f-4527-9aba-c0f93d329cb2;9;q25
1e41998a-cda9-4b44-aa34-8bcde6752d0a;10;q25
7c390c81-d248-4099-9abc-7b787be98b47;7;q25
5f294260-b679-434f-8818-e09ecd02ae70;9;q25
76dad81c-1a4a-4153-9932-f03188b1ae25;10;q25
3cd5d4f2-97f1-418c-bc49-ff0c2a58c855;8;q25
10e9b324-156e-4eb5-aec5-04d8a4d7124c;1;q25
20ba7dbd-f51c-49ff-9bf2-a777cd6d13f8;7;q25
6167cd49-a021-4f3f-b29b-a7ed48b9d94f;8;q25
824afe21-5c5b-4e61-a556-75bef43196e9;10;q25
8330a755-ac13-444b-90ca-7ddc4f4f3992;10;q25
6ee3efea-f12c-4740-937a-62f34a53e2ec;9;q25
3931df86-6c91-45c8-ae55-dd3a1036647f;8;q25
60b7d252-ffba-432f-a243-8b0d5f81331d;8;q25
75b63c62-9473-4ddc-979f-66b8de0a3683;3;q25
518a2693-4f58-463e-ac2c-c5ce06d3c9fb;5;q25
8ebeb6f9-b48c-4067-a307-1da81fde67da;8;q25
7e80110b-c26c-43b1-8bc2-2515642420ad;8;q25
702da1cd-9691-4f0b-9ab9-020f9454d86b;8;q25
25602500-ca31-4404-b155-3e070652c2c0;6;q25
11cbc3a6-1c92-4f10-abe6-27def200d91d;4;q25
803144dd-8bb5-435e-94af-99bace5baf35;8;q25
780a59cc-70e6-4148-94c9-47bd1744cd5c;6;q25
3cd027c4-c9cf-475c-a678-769abe7e816a;9;q25
902d976c-f400-44ab-a0ac-198d94ba035a;7;q25
3d551ae7-9275-41b2-8270-260d730a6222;3;q25
42798e5c-9aa2-4efd-a370-5635018d4d81;10;q25
c65d2c31-227d-4750-af1a-1bfd6902d881;6;q25
4b737514-74b7-433a-9dde-ea224a6deeb9;10;q25
40d5e94f-2468-4f73-a0a0-e5a2c0443f06;6;q25
95897683-0e62-4f31-8575-77136b4ebebe;3;q25
6cd79452-c315-4dbe-93af-8c2077a67a56;8;q25
334df000-99c4-4ccd-b5b5-4b8cabdad476;3;q25
1537bb2d-2d89-4d66-b6c7-f3659b85403f;10;q25
b2a12ed0-6436-4cbc-b70d-d0a7ba0e0981;8;q25
e03a0573-ee71-4c91-a8ca-0b1eb82c1300;7;q25
ba818a91-0bf1-47d4-bc93-e5befe1c26e6;8;q25
d4a66c13-cd50-4171-8849-d52f0898a156;8;q25
ca6bae45-d4f7-4d52-bd43-e4d3542a6f93;7;q25
e5eccf62-17fb-4353-b886-e547a9699dd4;10;q25
f98ab946-62e2-4cb1-97a4-3301ccccba1b;3;q25
cb553655-ef6a-4f28-8271-131cdc9fc2ec;9;q25
ea3518ef-6655-4a33-bf76-337e21de5689;8;q25
f9cc1fc5-b439-4f4b-8257-0e5b2f47eb02;8;q25
ca55018f-21c4-41c2-b38f-b966fc3a8075;8;q25
a663330e-6e40-4813-b6f7-232aba1299eb;10;q25
be2f133c-eed1-4582-b8b8-d02aa1e594ad;8;q25
c9301569-631c-4d4d-aa30-2a65a5873029;7;q25
bac1cde8-4780-4edb-8062-46b1286d3f47;9;q25
ba4eba66-ab7c-4704-84e8-4218f019f196;8;q25
d0d86600-3649-4760-bb23-89f353e7d20b;10;q25
4f914c97-7283-4ed0-94f7-43bcc99e9e28;4;q25
9d832240-0310-4657-90c0-20525d24d766;9;q25
f6ae26b4-f319-4305-a6ca-9cdd8528695d;9;q25
f038ad7e-db1f-430f-8974-12c83a20eb8e;10;q25
f3b05d57-f280-41fc-a32d-d94647bade9a;9;q25
13e305ec-6c39-4b60-9cf1-5ddeae54b677;5;q25
e0ffda50-97e7-4872-a467-cc143cbac8fc;10;q25
cb71d11a-4e8d-4ab8-80be-ac1f46f5b2d1;7;q25
cd3dad39-da3f-4ada-9e09-a9832ca7bdd7;8;q25
f3b94dcb-2dde-48d7-968d-606fcddd692d;1;q25
ddbc5616-edb8-4052-9186-6e105e4491f6;10;q25
a7788435-7465-4f4d-9f4f-d412db68b295;6;q25
